INSERT INTO public.veterinarians VALUES (1, 1, 5, NULL, NULL, NULL, NULL, NULL, NULL);
INSERT INTO public.veterinarians VALUES (2, 2, 10, NULL, NULL, NULL, NULL, NULL, NULL);
INSERT INTO public.veterinarians VALUES (3, 3, 3, NULL, NULL, NULL, NULL, NULL, NULL);
INSERT INTO public.veterinarians VALUES (4, 4, 7, NULL, NULL, NULL, NULL, NULL, NULL);
INSERT INTO public.veterinarians VALUES (5, 5, 8, NULL, NULL, NULL, NULL, NULL, NULL);
INSERT INTO public.veterinarians VALUES (6, 6, 12, NULL, NULL, NULL, NULL, NULL, NULL);
INSERT INTO public.veterinarians VALUES (7, 7, 6, NULL, NULL, NULL, NULL, NULL, NULL);
INSERT INTO public.veterinarians VALUES (8, 8, 4, NULL, NULL, NULL, NULL, NULL, NULL);
INSERT INTO public.veterinarians VALUES (9, 9, 9, NULL, NULL, NULL, NULL, NULL, NULL);
INSERT INTO public.veterinarians VALUES (10, 10, 11, NULL, NULL, NULL, NULL, NULL, NULL);
INSERT INTO public.veterinarians VALUES (11, 11, 2, NULL, NULL, NULL, NULL, NULL, NULL);
INSERT INTO public.veterinarians VALUES (12, 12, 13, NULL, NULL, NULL, NULL, NULL, NULL);
INSERT INTO public.veterinarians VALUES (13, 13, 5, NULL, NULL, NULL, NULL, NULL, NULL);
INSERT INTO public.veterinarians VALUES (14, 14, 7, NULL, NULL, NULL, NULL, NULL, NULL);
INSERT INTO public.veterinarians VALUES (15, 15, 3, NULL, NULL, NULL, NULL, NULL, NULL);
INSERT INTO public.veterinarians VALUES (16, 16, 10, NULL, NULL, NULL, NULL, NULL, NULL);

--
-- TOC entry 5233 (class 0 OID 210364)
-- Dependencies: 226
-- Data for Name: pet_owners; Type: TABLE DATA; Schema: public; Owner: -
--

INSERT INTO public.pet_owners VALUES (1, NULL, NULL, NULL, NULL, '2024-10-20 21:25:52', '2024-10-20 21:25:52', NULL, NULL, NULL, NULL);
INSERT INTO public.pet_owners VALUES (2, NULL, NULL, NULL, NULL, '2024-10-20 21:29:26', '2024-10-20 21:29:26', NULL, NULL, NULL, NULL);
INSERT INTO public.pet_owners VALUES (3, NULL, NULL, NULL, NULL, '2024-10-20 22:06:12', '2024-10-20 22:06:12', NULL, NULL, NULL, NULL);
INSERT INTO public.pet_owners VALUES (4, NULL, NULL, NULL, NULL, '2024-10-27 17:58:14', '2024-10-27 17:58:14', NULL, NULL, NULL, NULL);
INSERT INTO public.pet_owners VALUES (5, NULL, NULL, NULL, NULL, '2024-10-27 18:22:35', '2024-10-27 18:22:35', NULL, NULL, NULL, NULL);


--
-- TOC entry 5249 (class 0 OID 210437)
-- Dependencies: 242
-- Data for Name: appointment_schedules; Type: TABLE DATA; Schema: public; Owner: -
--

INSERT INTO public.appointment_schedules VALUES (1, 2, '13:30:00', '1', NULL, NULL, NULL, NULL, NULL, NULL);
INSERT INTO public.appointment_schedules VALUES (2, 12, '12:30:00', '4', NULL, NULL, NULL, NULL, NULL, NULL);
INSERT INTO public.appointment_schedules VALUES (3, 6, '14:30:00', '4', NULL, NULL, NULL, NULL, NULL, NULL);
INSERT INTO public.appointment_schedules VALUES (4, 16, '13:30:00', '4', NULL, NULL, NULL, NULL, NULL, NULL);
INSERT INTO public.appointment_schedules VALUES (5, 13, '09:30:00', '6', NULL, NULL, NULL, NULL, NULL, NULL);
INSERT INTO public.appointment_schedules VALUES (6, 1, '19:00:00', '5', NULL, NULL, NULL, NULL, NULL, NULL);
INSERT INTO public.appointment_schedules VALUES (7, 1, '10:00:00', '4', NULL, NULL, NULL, NULL, NULL, NULL);
INSERT INTO public.appointment_schedules VALUES (8, 9, '17:00:00', '7', NULL, NULL, NULL, NULL, NULL, NULL);
INSERT INTO public.appointment_schedules VALUES (9, 13, '15:30:00', '5', NULL, NULL, NULL, NULL, NULL, NULL);
INSERT INTO public.appointment_schedules VALUES (10, 14, '08:30:00', '4', NULL, NULL, NULL, NULL, NULL, NULL);
INSERT INTO public.appointment_schedules VALUES (11, 12, '09:00:00', '1', NULL, NULL, NULL, NULL, NULL, NULL);
INSERT INTO public.appointment_schedules VALUES (12, 5, '09:30:00', '4', NULL, NULL, NULL, NULL, NULL, NULL);
INSERT INTO public.appointment_schedules VALUES (13, 14, '20:00:00', '6', NULL, NULL, NULL, NULL, NULL, NULL);
INSERT INTO public.appointment_schedules VALUES (14, 11, '18:30:00', '1', NULL, NULL, NULL, NULL, NULL, NULL);
INSERT INTO public.appointment_schedules VALUES (15, 4, '17:00:00', '3', NULL, NULL, NULL, NULL, NULL, NULL);
INSERT INTO public.appointment_schedules VALUES (16, 13, '17:30:00', '3', NULL, NULL, NULL, NULL, NULL, NULL);
INSERT INTO public.appointment_schedules VALUES (17, 14, '10:00:00', '7', NULL, NULL, NULL, NULL, NULL, NULL);
INSERT INTO public.appointment_schedules VALUES (18, 5, '18:30:00', '7', NULL, NULL, NULL, NULL, NULL, NULL);
INSERT INTO public.appointment_schedules VALUES (19, 15, '09:30:00', '6', NULL, NULL, NULL, NULL, NULL, NULL);
INSERT INTO public.appointment_schedules VALUES (20, 7, '16:30:00', '1', NULL, NULL, NULL, NULL, NULL, NULL);
INSERT INTO public.appointment_schedules VALUES (21, 2, '09:30:00', '3', NULL, NULL, NULL, NULL, NULL, NULL);
INSERT INTO public.appointment_schedules VALUES (22, 12, '08:00:00', '3', NULL, NULL, NULL, NULL, NULL, NULL);
INSERT INTO public.appointment_schedules VALUES (23, 16, '08:00:00', '2', NULL, NULL, NULL, NULL, NULL, NULL);
INSERT INTO public.appointment_schedules VALUES (24, 15, '10:30:00', '3', NULL, NULL, NULL, NULL, NULL, NULL);
INSERT INTO public.appointment_schedules VALUES (25, 14, '20:00:00', '7', NULL, NULL, NULL, NULL, NULL, NULL);
INSERT INTO public.appointment_schedules VALUES (26, 3, '15:30:00', '6', NULL, NULL, NULL, NULL, NULL, NULL);
INSERT INTO public.appointment_schedules VALUES (27, 12, '20:00:00', '6', NULL, NULL, NULL, NULL, NULL, NULL);
INSERT INTO public.appointment_schedules VALUES (28, 10, '12:30:00', '1', NULL, NULL, NULL, NULL, NULL, NULL);
INSERT INTO public.appointment_schedules VALUES (29, 1, '13:00:00', '7', NULL, NULL, NULL, NULL, NULL, NULL);
INSERT INTO public.appointment_schedules VALUES (30, 7, '13:00:00', '4', NULL, NULL, NULL, NULL, NULL, NULL);
INSERT INTO public.appointment_schedules VALUES (31, 16, '11:30:00', '4', NULL, NULL, NULL, NULL, NULL, NULL);
INSERT INTO public.appointment_schedules VALUES (32, 5, '20:00:00', '6', NULL, NULL, NULL, NULL, NULL, NULL);
INSERT INTO public.appointment_schedules VALUES (33, 16, '14:00:00', '1', NULL, NULL, NULL, NULL, NULL, NULL);
INSERT INTO public.appointment_schedules VALUES (34, 14, '20:30:00', '7', NULL, NULL, NULL, NULL, NULL, NULL);
INSERT INTO public.appointment_schedules VALUES (35, 12, '09:00:00', '5', NULL, NULL, NULL, NULL, NULL, NULL);
INSERT INTO public.appointment_schedules VALUES (36, 13, '20:00:00', '5', NULL, NULL, NULL, NULL, NULL, NULL);
INSERT INTO public.appointment_schedules VALUES (37, 7, '13:00:00', '2', NULL, NULL, NULL, NULL, NULL, NULL);
INSERT INTO public.appointment_schedules VALUES (38, 4, '09:30:00', '6', NULL, NULL, NULL, NULL, NULL, NULL);
INSERT INTO public.appointment_schedules VALUES (39, 1, '18:00:00', '6', NULL, NULL, NULL, NULL, NULL, NULL);
INSERT INTO public.appointment_schedules VALUES (40, 10, '14:00:00', '2', NULL, NULL, NULL, NULL, NULL, NULL);
INSERT INTO public.appointment_schedules VALUES (41, 5, '09:00:00', '2', NULL, NULL, NULL, NULL, NULL, NULL);
INSERT INTO public.appointment_schedules VALUES (42, 11, '11:30:00', '6', NULL, NULL, NULL, NULL, NULL, NULL);
INSERT INTO public.appointment_schedules VALUES (43, 10, '08:00:00', '2', NULL, NULL, NULL, NULL, NULL, NULL);
INSERT INTO public.appointment_schedules VALUES (44, 5, '15:00:00', '2', NULL, NULL, NULL, NULL, NULL, NULL);
INSERT INTO public.appointment_schedules VALUES (45, 1, '20:00:00', '1', NULL, NULL, NULL, NULL, NULL, NULL);
INSERT INTO public.appointment_schedules VALUES (46, 6, '10:00:00', '6', NULL, NULL, NULL, NULL, NULL, NULL);
INSERT INTO public.appointment_schedules VALUES (47, 13, '13:00:00', '3', NULL, NULL, NULL, NULL, NULL, NULL);
INSERT INTO public.appointment_schedules VALUES (48, 7, '12:30:00', '6', NULL, NULL, NULL, NULL, NULL, NULL);
INSERT INTO public.appointment_schedules VALUES (49, 5, '16:00:00', '4', NULL, NULL, NULL, NULL, NULL, NULL);
INSERT INTO public.appointment_schedules VALUES (50, 7, '08:00:00', '2', NULL, NULL, NULL, NULL, NULL, NULL);
INSERT INTO public.appointment_schedules VALUES (51, 11, '15:30:00', '2', NULL, NULL, NULL, NULL, NULL, NULL);
INSERT INTO public.appointment_schedules VALUES (52, 6, '12:30:00', '7', NULL, NULL, NULL, NULL, NULL, NULL);
INSERT INTO public.appointment_schedules VALUES (53, 12, '11:30:00', '7', NULL, NULL, NULL, NULL, NULL, NULL);
INSERT INTO public.appointment_schedules VALUES (54, 9, '18:30:00', '3', NULL, NULL, NULL, NULL, NULL, NULL);
INSERT INTO public.appointment_schedules VALUES (55, 6, '09:00:00', '1', NULL, NULL, NULL, NULL, NULL, NULL);
INSERT INTO public.appointment_schedules VALUES (56, 2, '14:00:00', '6', NULL, NULL, NULL, NULL, NULL, NULL);
INSERT INTO public.appointment_schedules VALUES (57, 2, '16:30:00', '2', NULL, NULL, NULL, NULL, NULL, NULL);
INSERT INTO public.appointment_schedules VALUES (58, 4, '11:00:00', '4', NULL, NULL, NULL, NULL, NULL, NULL);
INSERT INTO public.appointment_schedules VALUES (59, 11, '13:30:00', '1', NULL, NULL, NULL, NULL, NULL, NULL);
INSERT INTO public.appointment_schedules VALUES (60, 4, '14:00:00', '1', NULL, NULL, NULL, NULL, NULL, NULL);
INSERT INTO public.appointment_schedules VALUES (61, 8, '15:00:00', '3', NULL, NULL, NULL, NULL, NULL, NULL);
INSERT INTO public.appointment_schedules VALUES (62, 13, '15:00:00', '3', NULL, NULL, NULL, NULL, NULL, NULL);
INSERT INTO public.appointment_schedules VALUES (63, 10, '14:00:00', '5', NULL, NULL, NULL, NULL, NULL, NULL);
INSERT INTO public.appointment_schedules VALUES (64, 5, '19:00:00', '7', NULL, NULL, NULL, NULL, NULL, NULL);
INSERT INTO public.appointment_schedules VALUES (65, 6, '13:00:00', '2', NULL, NULL, NULL, NULL, NULL, NULL);
INSERT INTO public.appointment_schedules VALUES (66, 7, '20:30:00', '5', NULL, NULL, NULL, NULL, NULL, NULL);
INSERT INTO public.appointment_schedules VALUES (67, 4, '08:30:00', '6', NULL, NULL, NULL, NULL, NULL, NULL);
INSERT INTO public.appointment_schedules VALUES (68, 8, '18:00:00', '3', NULL, NULL, NULL, NULL, NULL, NULL);
INSERT INTO public.appointment_schedules VALUES (69, 12, '12:00:00', '3', NULL, NULL, NULL, NULL, NULL, NULL);
INSERT INTO public.appointment_schedules VALUES (70, 9, '17:00:00', '6', NULL, NULL, NULL, NULL, NULL, NULL);
INSERT INTO public.appointment_schedules VALUES (71, 1, '19:30:00', '4', NULL, NULL, NULL, NULL, NULL, NULL);
INSERT INTO public.appointment_schedules VALUES (72, 3, '08:00:00', '7', NULL, NULL, NULL, NULL, NULL, NULL);
INSERT INTO public.appointment_schedules VALUES (73, 9, '11:30:00', '5', NULL, NULL, NULL, NULL, NULL, NULL);
INSERT INTO public.appointment_schedules VALUES (74, 7, '17:30:00', '2', NULL, NULL, NULL, NULL, NULL, NULL);
INSERT INTO public.appointment_schedules VALUES (75, 13, '08:30:00', '1', NULL, NULL, NULL, NULL, NULL, NULL);
INSERT INTO public.appointment_schedules VALUES (76, 10, '09:30:00', '4', NULL, NULL, NULL, NULL, NULL, NULL);
INSERT INTO public.appointment_schedules VALUES (77, 4, '20:30:00', '6', NULL, NULL, NULL, NULL, NULL, NULL);
INSERT INTO public.appointment_schedules VALUES (78, 12, '11:00:00', '2', NULL, NULL, NULL, NULL, NULL, NULL);
INSERT INTO public.appointment_schedules VALUES (79, 6, '19:30:00', '7', NULL, NULL, NULL, NULL, NULL, NULL);
INSERT INTO public.appointment_schedules VALUES (80, 4, '15:30:00', '6', NULL, NULL, NULL, NULL, NULL, NULL);
INSERT INTO public.appointment_schedules VALUES (81, 11, '17:30:00', '3', NULL, NULL, NULL, NULL, NULL, NULL);
INSERT INTO public.appointment_schedules VALUES (82, 1, '11:30:00', '2', NULL, NULL, NULL, NULL, NULL, NULL);
INSERT INTO public.appointment_schedules VALUES (83, 10, '10:30:00', '7', NULL, NULL, NULL, NULL, NULL, NULL);
INSERT INTO public.appointment_schedules VALUES (84, 3, '19:30:00', '7', NULL, NULL, NULL, NULL, NULL, NULL);
INSERT INTO public.appointment_schedules VALUES (85, 5, '13:30:00', '2', NULL, NULL, NULL, NULL, NULL, NULL);
INSERT INTO public.appointment_schedules VALUES (86, 12, '14:30:00', '7', NULL, NULL, NULL, NULL, NULL, NULL);
INSERT INTO public.appointment_schedules VALUES (87, 6, '15:00:00', '4', NULL, NULL, NULL, NULL, NULL, NULL);
INSERT INTO public.appointment_schedules VALUES (88, 4, '12:30:00', '7', NULL, NULL, NULL, NULL, NULL, NULL);
INSERT INTO public.appointment_schedules VALUES (89, 16, '09:30:00', '2', NULL, NULL, NULL, NULL, NULL, NULL);
INSERT INTO public.appointment_schedules VALUES (90, 16, '13:00:00', '5', NULL, NULL, NULL, NULL, NULL, NULL);
INSERT INTO public.appointment_schedules VALUES (91, 5, '08:00:00', '5', NULL, NULL, NULL, NULL, NULL, NULL);
INSERT INTO public.appointment_schedules VALUES (92, 11, '13:30:00', '3', NULL, NULL, NULL, NULL, NULL, NULL);
INSERT INTO public.appointment_schedules VALUES (93, 15, '12:00:00', '3', NULL, NULL, NULL, NULL, NULL, NULL);
INSERT INTO public.appointment_schedules VALUES (94, 10, '20:00:00', '7', NULL, NULL, NULL, NULL, NULL, NULL);
INSERT INTO public.appointment_schedules VALUES (95, 12, '17:00:00', '5', NULL, NULL, NULL, NULL, NULL, NULL);
INSERT INTO public.appointment_schedules VALUES (96, 16, '15:30:00', '3', NULL, NULL, NULL, NULL, NULL, NULL);
INSERT INTO public.appointment_schedules VALUES (97, 15, '20:00:00', '7', NULL, NULL, NULL, NULL, NULL, NULL);
INSERT INTO public.appointment_schedules VALUES (98, 15, '09:30:00', '2', NULL, NULL, NULL, NULL, NULL, NULL);
INSERT INTO public.appointment_schedules VALUES (99, 3, '18:00:00', '1', NULL, NULL, NULL, NULL, NULL, NULL);
INSERT INTO public.appointment_schedules VALUES (100, 15, '14:30:00', '7', NULL, NULL, NULL, NULL, NULL, NULL);
INSERT INTO public.appointment_schedules VALUES (101, 8, '20:30:00', '2', NULL, NULL, NULL, NULL, NULL, NULL);
INSERT INTO public.appointment_schedules VALUES (102, 12, '19:30:00', '2', NULL, NULL, NULL, NULL, NULL, NULL);
INSERT INTO public.appointment_schedules VALUES (103, 14, '20:00:00', '5', NULL, NULL, NULL, NULL, NULL, NULL);
INSERT INTO public.appointment_schedules VALUES (104, 1, '08:00:00', '1', NULL, NULL, NULL, NULL, NULL, NULL);
INSERT INTO public.appointment_schedules VALUES (105, 15, '15:00:00', '4', NULL, NULL, NULL, NULL, NULL, NULL);
INSERT INTO public.appointment_schedules VALUES (106, 4, '17:30:00', '4', NULL, NULL, NULL, NULL, NULL, NULL);
INSERT INTO public.appointment_schedules VALUES (107, 1, '11:30:00', '6', NULL, NULL, NULL, NULL, NULL, NULL);
INSERT INTO public.appointment_schedules VALUES (108, 12, '11:30:00', '5', NULL, NULL, NULL, NULL, NULL, NULL);
INSERT INTO public.appointment_schedules VALUES (109, 14, '18:30:00', '6', NULL, NULL, NULL, NULL, NULL, NULL);
INSERT INTO public.appointment_schedules VALUES (110, 14, '11:00:00', '4', NULL, NULL, NULL, NULL, NULL, NULL);
INSERT INTO public.appointment_schedules VALUES (111, 16, '14:00:00', '5', NULL, NULL, NULL, NULL, NULL, NULL);
INSERT INTO public.appointment_schedules VALUES (112, 9, '09:30:00', '4', NULL, NULL, NULL, NULL, NULL, NULL);
INSERT INTO public.appointment_schedules VALUES (113, 1, '18:30:00', '2', NULL, NULL, NULL, NULL, NULL, NULL);
INSERT INTO public.appointment_schedules VALUES (114, 11, '20:30:00', '2', NULL, NULL, NULL, NULL, NULL, NULL);
INSERT INTO public.appointment_schedules VALUES (115, 2, '12:30:00', '6', NULL, NULL, NULL, NULL, NULL, NULL);
INSERT INTO public.appointment_schedules VALUES (116, 12, '19:00:00', '2', NULL, NULL, NULL, NULL, NULL, NULL);
INSERT INTO public.appointment_schedules VALUES (117, 2, '18:00:00', '5', NULL, NULL, NULL, NULL, NULL, NULL);
INSERT INTO public.appointment_schedules VALUES (118, 5, '19:30:00', '2', NULL, NULL, NULL, NULL, NULL, NULL);
INSERT INTO public.appointment_schedules VALUES (119, 6, '18:00:00', '5', NULL, NULL, NULL, NULL, NULL, NULL);
INSERT INTO public.appointment_schedules VALUES (120, 2, '18:00:00', '1', NULL, NULL, NULL, NULL, NULL, NULL);
INSERT INTO public.appointment_schedules VALUES (121, 16, '17:00:00', '4', NULL, NULL, NULL, NULL, NULL, NULL);
INSERT INTO public.appointment_schedules VALUES (122, 6, '17:30:00', '1', NULL, NULL, NULL, NULL, NULL, NULL);
INSERT INTO public.appointment_schedules VALUES (123, 6, '11:00:00', '3', NULL, NULL, NULL, NULL, NULL, NULL);
INSERT INTO public.appointment_schedules VALUES (124, 14, '11:30:00', '5', NULL, NULL, NULL, NULL, NULL, NULL);
INSERT INTO public.appointment_schedules VALUES (125, 16, '12:30:00', '1', NULL, NULL, NULL, NULL, NULL, NULL);
INSERT INTO public.appointment_schedules VALUES (126, 8, '12:00:00', '5', NULL, NULL, NULL, NULL, NULL, NULL);
INSERT INTO public.appointment_schedules VALUES (127, 10, '10:00:00', '6', NULL, NULL, NULL, NULL, NULL, NULL);
INSERT INTO public.appointment_schedules VALUES (128, 5, '16:30:00', '5', NULL, NULL, NULL, NULL, NULL, NULL);
INSERT INTO public.appointment_schedules VALUES (129, 8, '17:00:00', '3', NULL, NULL, NULL, NULL, NULL, NULL);
INSERT INTO public.appointment_schedules VALUES (130, 3, '14:30:00', '2', NULL, NULL, NULL, NULL, NULL, NULL);
INSERT INTO public.appointment_schedules VALUES (131, 8, '14:30:00', '2', NULL, NULL, NULL, NULL, NULL, NULL);
INSERT INTO public.appointment_schedules VALUES (132, 8, '12:00:00', '1', NULL, NULL, NULL, NULL, NULL, NULL);
INSERT INTO public.appointment_schedules VALUES (133, 2, '11:00:00', '3', NULL, NULL, NULL, NULL, NULL, NULL);
INSERT INTO public.appointment_schedules VALUES (134, 4, '20:00:00', '6', NULL, NULL, NULL, NULL, NULL, NULL);
INSERT INTO public.appointment_schedules VALUES (135, 11, '12:30:00', '5', NULL, NULL, NULL, NULL, NULL, NULL);
INSERT INTO public.appointment_schedules VALUES (136, 5, '18:00:00', '1', NULL, NULL, NULL, NULL, NULL, NULL);
INSERT INTO public.appointment_schedules VALUES (137, 4, '13:00:00', '1', NULL, NULL, NULL, NULL, NULL, NULL);
INSERT INTO public.appointment_schedules VALUES (138, 2, '17:30:00', '7', NULL, NULL, NULL, NULL, NULL, NULL);
INSERT INTO public.appointment_schedules VALUES (139, 15, '16:30:00', '1', NULL, NULL, NULL, NULL, NULL, NULL);
INSERT INTO public.appointment_schedules VALUES (140, 9, '15:30:00', '6', NULL, NULL, NULL, NULL, NULL, NULL);
INSERT INTO public.appointment_schedules VALUES (141, 13, '17:30:00', '5', NULL, NULL, NULL, NULL, NULL, NULL);
INSERT INTO public.appointment_schedules VALUES (142, 14, '12:00:00', '7', NULL, NULL, NULL, NULL, NULL, NULL);
INSERT INTO public.appointment_schedules VALUES (143, 8, '12:30:00', '4', NULL, NULL, NULL, NULL, NULL, NULL);
INSERT INTO public.appointment_schedules VALUES (144, 8, '14:00:00', '1', NULL, NULL, NULL, NULL, NULL, NULL);
INSERT INTO public.appointment_schedules VALUES (145, 6, '18:00:00', '2', NULL, NULL, NULL, NULL, NULL, NULL);
INSERT INTO public.appointment_schedules VALUES (146, 7, '16:30:00', '4', NULL, NULL, NULL, NULL, NULL, NULL);
INSERT INTO public.appointment_schedules VALUES (147, 10, '18:00:00', '7', NULL, NULL, NULL, NULL, NULL, NULL);
INSERT INTO public.appointment_schedules VALUES (148, 9, '11:00:00', '4', NULL, NULL, NULL, NULL, NULL, NULL);
INSERT INTO public.appointment_schedules VALUES (149, 6, '15:30:00', '4', NULL, NULL, NULL, NULL, NULL, NULL);
INSERT INTO public.appointment_schedules VALUES (150, 9, '11:30:00', '7', NULL, NULL, NULL, NULL, NULL, NULL);
INSERT INTO public.appointment_schedules VALUES (151, 7, '19:30:00', '2', NULL, NULL, NULL, NULL, NULL, NULL);
INSERT INTO public.appointment_schedules VALUES (152, 7, '14:30:00', '7', NULL, NULL, NULL, NULL, NULL, NULL);
INSERT INTO public.appointment_schedules VALUES (153, 1, '20:00:00', '7', NULL, NULL, NULL, NULL, NULL, NULL);
INSERT INTO public.appointment_schedules VALUES (154, 4, '12:00:00', '1', NULL, NULL, NULL, NULL, NULL, NULL);
INSERT INTO public.appointment_schedules VALUES (155, 12, '13:30:00', '7', NULL, NULL, NULL, NULL, NULL, NULL);
INSERT INTO public.appointment_schedules VALUES (156, 2, '19:30:00', '2', NULL, NULL, NULL, NULL, NULL, NULL);
INSERT INTO public.appointment_schedules VALUES (157, 2, '10:00:00', '5', NULL, NULL, NULL, NULL, NULL, NULL);
INSERT INTO public.appointment_schedules VALUES (158, 15, '19:00:00', '1', NULL, NULL, NULL, NULL, NULL, NULL);
INSERT INTO public.appointment_schedules VALUES (159, 7, '13:30:00', '6', NULL, NULL, NULL, NULL, NULL, NULL);
INSERT INTO public.appointment_schedules VALUES (160, 11, '20:00:00', '6', NULL, NULL, NULL, NULL, NULL, NULL);
INSERT INTO public.appointment_schedules VALUES (161, 12, '13:30:00', '1', NULL, NULL, NULL, NULL, NULL, NULL);
INSERT INTO public.appointment_schedules VALUES (162, 2, '14:00:00', '4', NULL, NULL, NULL, NULL, NULL, NULL);
INSERT INTO public.appointment_schedules VALUES (163, 5, '12:30:00', '4', NULL, NULL, NULL, NULL, NULL, NULL);
INSERT INTO public.appointment_schedules VALUES (164, 5, '15:00:00', '5', NULL, NULL, NULL, NULL, NULL, NULL);
INSERT INTO public.appointment_schedules VALUES (165, 7, '08:30:00', '2', NULL, NULL, NULL, NULL, NULL, NULL);
INSERT INTO public.appointment_schedules VALUES (166, 2, '12:00:00', '5', NULL, NULL, NULL, NULL, NULL, NULL);
INSERT INTO public.appointment_schedules VALUES (167, 16, '16:30:00', '1', NULL, NULL, NULL, NULL, NULL, NULL);
INSERT INTO public.appointment_schedules VALUES (168, 5, '13:30:00', '3', NULL, NULL, NULL, NULL, NULL, NULL);
INSERT INTO public.appointment_schedules VALUES (169, 5, '10:00:00', '3', NULL, NULL, NULL, NULL, NULL, NULL);
INSERT INTO public.appointment_schedules VALUES (170, 13, '11:00:00', '3', NULL, NULL, NULL, NULL, NULL, NULL);
INSERT INTO public.appointment_schedules VALUES (171, 1, '20:30:00', '2', NULL, NULL, NULL, NULL, NULL, NULL);
INSERT INTO public.appointment_schedules VALUES (172, 14, '19:00:00', '7', NULL, NULL, NULL, NULL, NULL, NULL);
INSERT INTO public.appointment_schedules VALUES (173, 5, '18:00:00', '4', NULL, NULL, NULL, NULL, NULL, NULL);
INSERT INTO public.appointment_schedules VALUES (174, 15, '08:00:00', '7', NULL, NULL, NULL, NULL, NULL, NULL);
INSERT INTO public.appointment_schedules VALUES (175, 14, '18:30:00', '7', NULL, NULL, NULL, NULL, NULL, NULL);
INSERT INTO public.appointment_schedules VALUES (176, 3, '20:30:00', '3', NULL, NULL, NULL, NULL, NULL, NULL);
INSERT INTO public.appointment_schedules VALUES (177, 5, '14:00:00', '6', NULL, NULL, NULL, NULL, NULL, NULL);
INSERT INTO public.appointment_schedules VALUES (178, 16, '17:00:00', '2', NULL, NULL, NULL, NULL, NULL, NULL);
INSERT INTO public.appointment_schedules VALUES (179, 2, '08:00:00', '2', NULL, NULL, NULL, NULL, NULL, NULL);
INSERT INTO public.appointment_schedules VALUES (180, 9, '18:00:00', '3', NULL, NULL, NULL, NULL, NULL, NULL);
INSERT INTO public.appointment_schedules VALUES (181, 14, '17:00:00', '5', NULL, NULL, NULL, NULL, NULL, NULL);
INSERT INTO public.appointment_schedules VALUES (182, 5, '17:00:00', '2', NULL, NULL, NULL, NULL, NULL, NULL);
INSERT INTO public.appointment_schedules VALUES (183, 10, '15:00:00', '4', NULL, NULL, NULL, NULL, NULL, NULL);
INSERT INTO public.appointment_schedules VALUES (184, 16, '17:30:00', '7', NULL, NULL, NULL, NULL, NULL, NULL);
INSERT INTO public.appointment_schedules VALUES (185, 3, '12:30:00', '2', NULL, NULL, NULL, NULL, NULL, NULL);
INSERT INTO public.appointment_schedules VALUES (186, 13, '12:00:00', '2', NULL, NULL, NULL, NULL, NULL, NULL);
INSERT INTO public.appointment_schedules VALUES (187, 9, '13:30:00', '5', NULL, NULL, NULL, NULL, NULL, NULL);
INSERT INTO public.appointment_schedules VALUES (188, 7, '08:00:00', '3', NULL, NULL, NULL, NULL, NULL, NULL);
INSERT INTO public.appointment_schedules VALUES (189, 2, '18:00:00', '6', NULL, NULL, NULL, NULL, NULL, NULL);
INSERT INTO public.appointment_schedules VALUES (190, 5, '10:30:00', '4', NULL, NULL, NULL, NULL, NULL, NULL);
INSERT INTO public.appointment_schedules VALUES (191, 4, '15:00:00', '1', NULL, NULL, NULL, NULL, NULL, NULL);
INSERT INTO public.appointment_schedules VALUES (192, 6, '13:00:00', '6', NULL, NULL, NULL, NULL, NULL, NULL);
INSERT INTO public.appointment_schedules VALUES (193, 1, '13:30:00', '1', NULL, NULL, NULL, NULL, NULL, NULL);
INSERT INTO public.appointment_schedules VALUES (194, 14, '17:00:00', '6', NULL, NULL, NULL, NULL, NULL, NULL);
INSERT INTO public.appointment_schedules VALUES (195, 11, '09:00:00', '3', NULL, NULL, NULL, NULL, NULL, NULL);
INSERT INTO public.appointment_schedules VALUES (196, 14, '12:00:00', '4', NULL, NULL, NULL, NULL, NULL, NULL);
INSERT INTO public.appointment_schedules VALUES (197, 11, '12:30:00', '1', NULL, NULL, NULL, NULL, NULL, NULL);
INSERT INTO public.appointment_schedules VALUES (198, 9, '09:00:00', '3', NULL, NULL, NULL, NULL, NULL, NULL);
INSERT INTO public.appointment_schedules VALUES (199, 1, '18:00:00', '4', NULL, NULL, NULL, NULL, NULL, NULL);
INSERT INTO public.appointment_schedules VALUES (200, 6, '15:30:00', '6', NULL, NULL, NULL, NULL, NULL, NULL);

INSERT INTO public.pets VALUES (1, 1, 1, 'Nahuhu', '2021-05-12', NULL, 'm', NULL, NULL, NULL, NULL, NULL, NULL);
INSERT INTO public.pets VALUES (2, 1, 3, 'Labubu', '2020-06-12', NULL, 'f', NULL, NULL, NULL, NULL, NULL, NULL);
INSERT INTO public.pets VALUES (3, 1, 6, 'Dahlia', '2021-01-19', NULL, 'f', NULL, NULL, NULL, NULL, NULL, NULL);
INSERT INTO public.pets VALUES (4, 2, 3304, 'Kiwi', '2022-09-14', NULL, 'm', '2024-10-20 21:30:22', '2024-10-20 21:30:22', NULL, NULL, NULL, NULL);
INSERT INTO public.pets VALUES (5, 2, 18, 'Scout', '2022-05-02', 'CX8123923', 'm', '2024-10-20 21:37:28', '2024-10-20 21:43:30', NULL, NULL, NULL, NULL);
INSERT INTO public.pets VALUES (6, 2, 283, 'Whiskers', '2023-09-15', 'CB3551234', 'm', '2024-10-20 21:45:43', '2024-10-20 21:49:20', NULL, NULL, NULL, NULL);
INSERT INTO public.pets VALUES (7, 3, 187, 'Nala', '2023-05-09', NULL, 'm', '2024-10-20 22:12:57', '2024-10-20 22:12:57', NULL, NULL, NULL, NULL);
INSERT INTO public.pets VALUES (8, 3, 67, 'Kyala', '2022-01-19', 'CX12311423', 'm', '2024-10-21 07:58:42', '2024-10-21 08:01:07', NULL, NULL, NULL, NULL);
INSERT INTO public.pets VALUES (9, 4, 231, 'Yingu', '2018-01-03', NULL, 'm', '2024-10-27 17:59:33', '2024-10-27 17:59:33', NULL, NULL, NULL, NULL);
INSERT INTO public.pets VALUES (10, 4, 231, 'Panda', '2017-01-21', NULL, 'm', '2024-10-27 18:04:48', '2024-10-27 18:04:48', NULL, NULL, NULL, NULL);
INSERT INTO public.pets VALUES (11, 4, 231, 'Pingu', '2018-01-31', NULL, 'm', '2024-10-27 18:10:14', '2024-10-27 18:10:14', NULL, NULL, NULL, NULL);
INSERT INTO public.pets VALUES (12, 5, 187, 'Charlesi', '2022-02-01', NULL, 'm', '2024-10-27 18:24:13', '2024-10-27 18:24:13', NULL, NULL, NULL, NULL);
INSERT INTO public.pets VALUES (13, 5, 4415, 'Deisy', '2024-10-01', NULL, 'm', '2024-10-27 19:23:06', '2024-10-27 19:23:06', NULL, NULL, NULL, NULL);
INSERT INTO public.pets VALUES (14, 5, 187, 'Begi', '2024-10-09', NULL, 'm', '2024-10-27 19:49:43', '2024-10-27 19:49:43', NULL, NULL, NULL, NULL);
INSERT INTO public.pets VALUES (15, 5, 282, 'Juke', '2020-08-05', NULL, 'm', '2024-10-27 19:52:12', '2024-10-27 19:52:12', NULL, NULL, NULL, NULL);

--
-- TOC entry 5281 (class 0 OID 210584)
-- Dependencies: 274
-- Data for Name: veterinarian_service_types; Type: TABLE DATA; Schema: public; Owner: -
--

INSERT INTO public.veterinarian_service_types VALUES (1, 1, 1, NULL, NULL, NULL, NULL, NULL, NULL);
INSERT INTO public.veterinarian_service_types VALUES (2, 2, 1, NULL, NULL, NULL, NULL, NULL, NULL);
INSERT INTO public.veterinarian_service_types VALUES (3, 1, 2, NULL, NULL, NULL, NULL, NULL, NULL);
INSERT INTO public.veterinarian_service_types VALUES (4, 2, 2, NULL, NULL, NULL, NULL, NULL, NULL);
INSERT INTO public.veterinarian_service_types VALUES (5, 1, 3, NULL, NULL, NULL, NULL, NULL, NULL);
INSERT INTO public.veterinarian_service_types VALUES (6, 1, 4, NULL, NULL, NULL, NULL, NULL, NULL);
INSERT INTO public.veterinarian_service_types VALUES (7, 1, 5, NULL, NULL, NULL, NULL, NULL, NULL);
INSERT INTO public.veterinarian_service_types VALUES (8, 1, 6, NULL, NULL, NULL, NULL, NULL, NULL);
INSERT INTO public.veterinarian_service_types VALUES (9, 1, 7, NULL, NULL, NULL, NULL, NULL, NULL);
INSERT INTO public.veterinarian_service_types VALUES (10, 1, 8, NULL, NULL, NULL, NULL, NULL, NULL);
INSERT INTO public.veterinarian_service_types VALUES (11, 1, 9, NULL, NULL, NULL, NULL, NULL, NULL);
INSERT INTO public.veterinarian_service_types VALUES (12, 1, 10, NULL, NULL, NULL, NULL, NULL, NULL);
INSERT INTO public.veterinarian_service_types VALUES (13, 1, 11, NULL, NULL, NULL, NULL, NULL, NULL);
INSERT INTO public.veterinarian_service_types VALUES (14, 1, 12, NULL, NULL, NULL, NULL, NULL, NULL);
INSERT INTO public.veterinarian_service_types VALUES (15, 1, 13, NULL, NULL, NULL, NULL, NULL, NULL);
INSERT INTO public.veterinarian_service_types VALUES (16, 1, 14, NULL, NULL, NULL, NULL, NULL, NULL);
INSERT INTO public.veterinarian_service_types VALUES (17, 1, 15, NULL, NULL, NULL, NULL, NULL, NULL);
INSERT INTO public.veterinarian_service_types VALUES (18, 1, 16, NULL, NULL, NULL, NULL, NULL, NULL);
INSERT INTO public.veterinarian_service_types VALUES (19, 2, 3, NULL, NULL, NULL, NULL, NULL, NULL);
INSERT INTO public.veterinarian_service_types VALUES (20, 1, 4, NULL, NULL, NULL, NULL, NULL, NULL);
INSERT INTO public.veterinarian_service_types VALUES (21, 2, 5, NULL, NULL, NULL, NULL, NULL, NULL);
INSERT INTO public.veterinarian_service_types VALUES (22, 2, 6, NULL, NULL, NULL, NULL, NULL, NULL);
INSERT INTO public.veterinarian_service_types VALUES (23, 2, 7, NULL, NULL, NULL, NULL, NULL, NULL);
INSERT INTO public.veterinarian_service_types VALUES (24, 2, 8, NULL, NULL, NULL, NULL, NULL, NULL);
INSERT INTO public.veterinarian_service_types VALUES (25, 2, 9, NULL, NULL, NULL, NULL, NULL, NULL);
INSERT INTO public.veterinarian_service_types VALUES (26, 2, 10, NULL, NULL, NULL, NULL, NULL, NULL);
INSERT INTO public.veterinarian_service_types VALUES (27, 2, 11, NULL, NULL, NULL, NULL, NULL, NULL);
INSERT INTO public.veterinarian_service_types VALUES (28, 2, 12, NULL, NULL, NULL, NULL, NULL, NULL);
INSERT INTO public.veterinarian_service_types VALUES (29, 2, 13, NULL, NULL, NULL, NULL, NULL, NULL);
INSERT INTO public.veterinarian_service_types VALUES (30, 2, 14, NULL, NULL, NULL, NULL, NULL, NULL);
INSERT INTO public.veterinarian_service_types VALUES (31, 2, 15, NULL, NULL, NULL, NULL, NULL, NULL);
INSERT INTO public.veterinarian_service_types VALUES (32, 2, 16, NULL, NULL, NULL, NULL, NULL, NULL);

INSERT INTO public.service_prices VALUES (1, 1, 1, 100000, NULL, NULL, NULL, NULL, NULL, NULL);
INSERT INTO public.service_prices VALUES (2, 1, 2, 300000, NULL, NULL, NULL, NULL, NULL, NULL);

INSERT INTO public.appointments VALUES (3, 2, 5, 10, 1, 10, 63, 'The dog is coughing every minute', '2024-10-24', NULL, NULL, '2024-10-20 21:44:21', '2024-10-20 21:44:21', NULL, NULL, NULL, NULL);
INSERT INTO public.appointments VALUES (4, 3, 7, 8, 1, 8, 68, 'Dogi saya bersin-bersin terus', '2024-10-22', NULL, NULL, '2024-10-21 07:56:16', '2024-10-21 07:56:16', NULL, NULL, NULL, NULL);
INSERT INTO public.appointments VALUES (5, 3, 8, 11, 1, 11, 81, 'Dogi saya punya bentol merah di dua tangan-nya', '2024-11-05', NULL, NULL, '2024-10-21 08:02:25', '2024-10-21 08:02:25', NULL, NULL, NULL, NULL);
INSERT INTO public.appointments VALUES (6, 4, 9, 6, 2, 6, 123, 'Perlu melakukan sterilisasi', '2024-11-05', NULL, NULL, '2024-10-27 18:03:44', '2024-10-27 18:03:44', NULL, NULL, NULL, NULL);
INSERT INTO public.appointments VALUES (7, 4, 9, 1, 2, 1, 82, 'Tolong berikan vaksinasi ke-2', '2024-11-11', NULL, NULL, '2024-10-27 18:05:38', '2024-10-27 18:05:38', NULL, NULL, NULL, NULL);
INSERT INTO public.appointments VALUES (8, 4, 10, 5, 1, 5, 44, 'Bulunya banyak yang rontok dan kulitnya terlihat sangat gatal', '2024-10-28', NULL, NULL, '2024-10-27 18:09:05', '2024-10-27 18:09:05', NULL, NULL, NULL, NULL);
INSERT INTO public.appointments VALUES (9, 4, 11, 6, 1, 6, 119, 'Kadang suka muntah-muntah', '2024-10-31', NULL, NULL, '2024-10-27 18:12:13', '2024-10-27 18:12:13', NULL, NULL, NULL, NULL);
INSERT INTO public.appointments VALUES (1, 1, 1, 1, 1, 1, 2, 'Anjing saya muntah-muntah', '2024-06-27', 'Anjing terkena mual ringan', '2024-10-27 18:29:44', '2024-10-20 21:25:52', '2024-10-27 18:29:44', NULL, NULL, NULL, NULL);
INSERT INTO public.appointments VALUES (2, 1, 1, 1, 2, 1, 4, 'Kucing saya butuh disterilisasi', '2024-09-22', 'Kucing telah disterilisasi', '2024-10-27 18:30:45', '2024-10-20 21:25:52', '2024-10-27 18:30:45', NULL, NULL, NULL, NULL);
INSERT INTO public.appointments VALUES (10, 5, 12, 1, 1, 1, 113, 'Terkena bentol-bentol merah', '2024-10-28', 'terkena alergi ringan terhadap ayam', '2024-10-27 18:32:12', '2024-10-27 18:31:17', '2024-10-27 18:32:12', NULL, NULL, NULL, NULL);
INSERT INTO public.appointments VALUES (11, 5, 12, 1, 1, 1, 6, 'Terkena batuk-batuk', '2024-10-31', 'Terkan batuk ringan', '2024-10-27 18:34:29', '2024-10-27 18:33:37', '2024-10-27 18:34:29', NULL, NULL, NULL, NULL);
INSERT INTO public.appointments VALUES (12, 5, 12, 14, 1, 14, 181, 'kupingnya gatal dan warna merah', '2024-10-31', NULL, NULL, '2024-10-27 19:50:17', '2024-10-27 19:50:17', NULL, NULL, NULL, NULL);
INSERT INTO public.appointments VALUES (13, 5, 15, 9, 1, 9, 148, 'Kucing sedikit berbau busuk', '2024-12-04', NULL, NULL, '2024-10-27 19:53:42', '2024-10-27 19:53:42', NULL, NULL, NULL, NULL);



-- TOC entry 5295 (class 0 OID 210671)
-- Dependencies: 288
-- Data for Name: field_attachment_uploads; Type: TABLE DATA; Schema: public; Owner: -
--

INSERT INTO public.field_attachment_uploads VALUES (1, 2, 'storage/assets/veterinarian/1.jpg', 'App\Models\Veterinarian', 1, NULL, NULL, NULL, NULL, NULL, NULL);
INSERT INTO public.field_attachment_uploads VALUES (2, 2, 'storage/assets/veterinarian/2.jpg', 'App\Models\Veterinarian', 2, NULL, NULL, NULL, NULL, NULL, NULL);
INSERT INTO public.field_attachment_uploads VALUES (3, 2, 'storage/assets/veterinarian/3.jpg', 'App\Models\Veterinarian', 3, NULL, NULL, NULL, NULL, NULL, NULL);
INSERT INTO public.field_attachment_uploads VALUES (4, 2, 'storage/assets/veterinarian/4.jpg', 'App\Models\Veterinarian', 4, NULL, NULL, NULL, NULL, NULL, NULL);
INSERT INTO public.field_attachment_uploads VALUES (5, 2, 'storage/assets/veterinarian/5.jpg', 'App\Models\Veterinarian', 5, NULL, NULL, NULL, NULL, NULL, NULL);
INSERT INTO public.field_attachment_uploads VALUES (6, 2, 'storage/assets/veterinarian/6.jpg', 'App\Models\Veterinarian', 6, NULL, NULL, NULL, NULL, NULL, NULL);
INSERT INTO public.field_attachment_uploads VALUES (7, 2, 'storage/assets/veterinarian/7.jpg', 'App\Models\Veterinarian', 7, NULL, NULL, NULL, NULL, NULL, NULL);
INSERT INTO public.field_attachment_uploads VALUES (8, 2, 'storage/assets/veterinarian/8.jpg', 'App\Models\Veterinarian', 8, NULL, NULL, NULL, NULL, NULL, NULL);
INSERT INTO public.field_attachment_uploads VALUES (9, 2, 'storage/assets/veterinarian/9.jpg', 'App\Models\Veterinarian', 9, NULL, NULL, NULL, NULL, NULL, NULL);
INSERT INTO public.field_attachment_uploads VALUES (10, 2, 'storage/assets/veterinarian/10.jpg', 'App\Models\Veterinarian', 10, NULL, NULL, NULL, NULL, NULL, NULL);
INSERT INTO public.field_attachment_uploads VALUES (11, 2, 'storage/assets/veterinarian/11.jpg', 'App\Models\Veterinarian', 11, NULL, NULL, NULL, NULL, NULL, NULL);
INSERT INTO public.field_attachment_uploads VALUES (12, 2, 'storage/assets/veterinarian/12.jpg', 'App\Models\Veterinarian', 12, NULL, NULL, NULL, NULL, NULL, NULL);
INSERT INTO public.field_attachment_uploads VALUES (13, 2, 'storage/assets/veterinarian/13.jpg', 'App\Models\Veterinarian', 13, NULL, NULL, NULL, NULL, NULL, NULL);
INSERT INTO public.field_attachment_uploads VALUES (14, 2, 'storage/assets/veterinarian/14.jpg', 'App\Models\Veterinarian', 14, NULL, NULL, NULL, NULL, NULL, NULL);
INSERT INTO public.field_attachment_uploads VALUES (15, 2, 'storage/assets/veterinarian/15.jpg', 'App\Models\Veterinarian', 15, NULL, NULL, NULL, NULL, NULL, NULL);
INSERT INTO public.field_attachment_uploads VALUES (16, 2, 'storage/assets/veterinarian/16.jpg', 'App\Models\Veterinarian', 16, NULL, NULL, NULL, NULL, NULL, NULL);
INSERT INTO public.field_attachment_uploads VALUES (17, 1, 'storage/assets/pet/dog-1.jpg', 'App\Models\Pet', 1, NULL, NULL, NULL, NULL, NULL, NULL);
INSERT INTO public.field_attachment_uploads VALUES (18, 1, 'storage/assets/pet/dog-2.jpg', 'App\Models\Pet', 2, NULL, NULL, NULL, NULL, NULL, NULL);
INSERT INTO public.field_attachment_uploads VALUES (19, 1, 'storage/assets/pet/dog-3.jpg', 'App\Models\Pet', 3, NULL, NULL, NULL, NULL, NULL, NULL);
INSERT INTO public.field_attachment_uploads VALUES (20, 1, 'storage/pet_image/pet_image_PlUMhhtVAMfRGY28daPz1729434622.jpeg', 'App\Models\Pet', 4, '2024-10-20 21:30:22', '2024-10-20 21:30:22', NULL, NULL, NULL, NULL);
INSERT INTO public.field_attachment_uploads VALUES (21, 1, 'storage/pet_image/pet_image_u0h1RH3GZfQQ7ITrIT9q1729435048.jpeg', 'App\Models\Pet', 5, '2024-10-20 21:37:28', '2024-10-20 21:37:28', NULL, NULL, NULL, NULL);
INSERT INTO public.field_attachment_uploads VALUES (22, 1, 'storage/pet_image/pet_image_mdS0lh0nrdFFgQVAJSJx1729435543.jpeg', 'App\Models\Pet', 6, '2024-10-20 21:45:43', '2024-10-20 21:45:43', NULL, NULL, NULL, NULL);
INSERT INTO public.field_attachment_uploads VALUES (23, 1, 'storage/pet_image/pet_image_v0bxmwsRLOXcTYrpGmZo1729437177.jpg', 'App\Models\Pet', 7, '2024-10-20 22:12:57', '2024-10-20 22:12:57', NULL, NULL, NULL, NULL);
INSERT INTO public.field_attachment_uploads VALUES (24, 1, 'storage/pet_image/pet_image_T5xaddNmEuScYl81uOrg1729472322.png', 'App\Models\Pet', 8, '2024-10-21 07:58:42', '2024-10-21 07:58:42', NULL, NULL, NULL, NULL);
INSERT INTO public.field_attachment_uploads VALUES (25, 1, 'storage/pet_image/pet_image_qODVErykCOjygFZzT2de1730026773.jpg', 'App\Models\Pet', 9, '2024-10-27 17:59:33', '2024-10-27 17:59:33', NULL, NULL, NULL, NULL);
INSERT INTO public.field_attachment_uploads VALUES (26, 1, 'storage/pet_image/pet_image_lE3dIVTgFJRPQvXLNdDV1730027088.png', 'App\Models\Pet', 10, '2024-10-27 18:04:48', '2024-10-27 18:04:48', NULL, NULL, NULL, NULL);
INSERT INTO public.field_attachment_uploads VALUES (27, 1, 'storage/pet_image/pet_image_rMyBPgn09oGOHXLyNfx11730027414.jpeg', 'App\Models\Pet', 11, '2024-10-27 18:10:14', '2024-10-27 18:10:14', NULL, NULL, NULL, NULL);
INSERT INTO public.field_attachment_uploads VALUES (28, 1, 'storage/pet_image/pet_image_zO4VRxjvOT0M7TGhSUTc1730028253.jpg', 'App\Models\Pet', 12, '2024-10-27 18:24:13', '2024-10-27 18:24:13', NULL, NULL, NULL, NULL);
INSERT INTO public.field_attachment_uploads VALUES (29, 1, 'storage/pet_image/pet_image_Yd9R8tlzo7F8dUb6rbCv1730031786.jpeg', 'App\Models\Pet', 13, '2024-10-27 19:23:06', '2024-10-27 19:23:06', NULL, NULL, NULL, NULL);
INSERT INTO public.field_attachment_uploads VALUES (30, 1, 'storage/pet_image/pet_image_TYBY9MaPvhyXHkogdwvQ1730033383.jpg', 'App\Models\Pet', 14, '2024-10-27 19:49:43', '2024-10-27 19:49:43', NULL, NULL, NULL, NULL);
INSERT INTO public.field_attachment_uploads VALUES (31, 1, 'storage/pet_image/pet_image_c9yKGohdxNACGfnyRq0E1730033532.jpg', 'App\Models\Pet', 15, '2024-10-27 19:52:12', '2024-10-27 19:52:12', NULL, NULL, NULL, NULL);


INSERT INTO public.users VALUES ('795ab5fe-9ebf-4798-a7f6-0a975557941b', 'budi@example.com', '$2y$12$fzvCWfzVY8rvOQDq1TluO.w6DDZullpHzyJN.x/5rQpvwVlgbqKvq', 'Budi Santoso', 'Jl. Kemerdekaan No. 2', '1988-09-15', 'm', '081234567891', true, NULL, NULL, NULL, NULL, 'App\Models\Veterinarian', 2, NULL, NULL, NULL, NULL, NULL, NULL, NULL);
INSERT INTO public.users VALUES ('2146591a-ead9-4f72-99d9-a67944a336f6', 'lukas@example.com', '$2y$12$2NP5Kx3Cd17x0R2xkuEfzOEwATknPg3QTanK7nOCGhY6fVREjVJVG', 'Lukas Edambe', 'Jl. Pancasila No. 3', '1985-12-05', 'm', '081234567892', true, NULL, NULL, NULL, NULL, 'App\Models\Veterinarian', 3, NULL, NULL, NULL, NULL, NULL, NULL, NULL);
INSERT INTO public.users VALUES ('63099430-8fb5-4c16-b9b6-61594db87999', 'william@example.com', '$2y$12$6saS9SallHC4jOycre5YM.2OqsxwBt8J4FYfy2gHLdOnII9MdjSr.', 'William Charles', 'Jl. Kebangsaan No. 4', '1992-01-30', 'm', '081234567893', true, NULL, NULL, NULL, NULL, 'App\Models\Veterinarian', 4, NULL, NULL, NULL, NULL, NULL, NULL, NULL);
INSERT INTO public.users VALUES ('c75c4f6a-a413-4407-a639-4ddefd2c4fdb', 'steven@example.com', '$2y$12$sZ048PncJqgG7gEAOpuc2egOKED1/sBal02gGL/msFw/5ZB.l0Tf6', 'Steven Wongso', 'Jl. Patriot No. 5', '1987-07-10', 'm', '081234567894', true, NULL, NULL, NULL, NULL, 'App\Models\Veterinarian', 5, NULL, NULL, NULL, NULL, NULL, NULL, NULL);
INSERT INTO public.users VALUES ('6735eaba-cb2c-4a81-b80f-a0b61be16880', 'fajar@example.com', '$2y$12$XVNfuEDO//l4kzgF0yZ2BOyYz.LoPyaDRNWVaaw5187sh7bLIqNE2', 'Fajar Firmansyah', 'Jl. Persatuan No. 6', '1993-03-15', 'm', '081234567895', true, NULL, NULL, NULL, NULL, 'App\Models\Veterinarian', 6, NULL, NULL, NULL, NULL, NULL, NULL, NULL);
INSERT INTO public.users VALUES ('a5c5bbbc-3557-4a1d-8e76-80b19e456681', 'charlie@example.com', '$2y$12$PsxL6x9NqdtQcNcLJYdEZuWrWHzw7tPHRoqFC5O//VDylMsbnu7hO', 'Charlie Andersen', 'Jl. Reformasi No. 7', '1991-11-25', 'm', '081234567896', true, NULL, NULL, NULL, NULL, 'App\Models\Veterinarian', 7, NULL, NULL, NULL, NULL, NULL, NULL, NULL);
INSERT INTO public.users VALUES ('9d518c15-80d3-45cf-a9ad-161705dd4c56', 'hendra@example.com', '$2y$12$spISeF5CecX8k3geYXEWv.zYWfjKmzBa6D5fBxwZsXgMZscs2utxG', 'Hendra Wijaya', 'Jl. Solidaritas No. 8', '1986-02-28', 'm', '081234567897', true, NULL, NULL, NULL, NULL, 'App\Models\Veterinarian', 8, NULL, NULL, NULL, NULL, NULL, NULL, NULL);
INSERT INTO public.users VALUES ('63d08263-ca7e-49f7-9ae3-8cf344f16758', 'calista@example.com', '$2y$12$ojDHqCf7SaAPquVVRU79k.6nfGMSGN48oQPCQbYPbr8vbbKD.MjQO', 'Calista Huang', 'Jl. Harapan No. 9', '1990-04-11', 'f', '081234567898', true, NULL, NULL, NULL, NULL, 'App\Models\Veterinarian', 9, NULL, NULL, NULL, NULL, NULL, NULL, NULL);
INSERT INTO public.users VALUES ('a30d5347-3bab-4a46-b6bc-5ae3d4370258', 'caryn@example.com', '$2y$12$W.l11uRpNhJQmlkHJGe1YuY1Rj/zZUnu5njPPMj2prFguZYZBrrV.', 'Caryn Widjaya', 'Jl. Srikandi No. 10', '1989-08-17', 'f', '081234567899', true, NULL, NULL, NULL, NULL, 'App\Models\Veterinarian', 10, NULL, NULL, NULL, NULL, NULL, NULL, NULL);
INSERT INTO public.users VALUES ('66f5757d-638a-4785-9b66-c65b71357d0c', 'karin@example.com', '$2y$12$4Kej8j2L1LZjbdpn0hcbhe3omc8qQHgdaJHYdt6vUy8L6nYqwyx0C', 'Karin Wulandari', 'Jl. Melati No. 11', '1992-12-12', 'f', '081234567900', true, NULL, NULL, NULL, NULL, 'App\Models\Veterinarian', 11, NULL, NULL, NULL, NULL, NULL, NULL, NULL);
INSERT INTO public.users VALUES ('770af274-7fe5-4efe-ac73-8a2b0729de4d', 'maruna@example.com', '$2y$12$C.u7pRPXKCdrtn4CVshSY.nuJpqyDxVGaUGzOXFqyXLyeh45WkJoi', 'Maruna Desmawarni', 'Jl. Mawar No. 12', '1988-05-05', 'f', '081234567901', true, NULL, NULL, NULL, NULL, 'App\Models\Veterinarian', 12, NULL, NULL, NULL, NULL, NULL, NULL, NULL);
INSERT INTO public.users VALUES ('3e838f17-0f50-4b32-9e47-c96e50488a9c', 'maya@example.com', '$2y$12$DHBWLczsfnMGQ0oaeVkNJ.cl7tdjxj2LC9Ku5YLCRjyvHjuzG7nay', 'Maya Sari', 'Jl. Anggrek No. 13', '1991-09-09', 'f', '081234567902', true, NULL, NULL, NULL, NULL, 'App\Models\Veterinarian', 13, NULL, NULL, NULL, NULL, NULL, NULL, NULL);
INSERT INTO public.users VALUES ('bd7c1c96-efa0-4c6b-a38a-b55cb6e10ba2', 'nina@example.com', '$2y$12$wmDCS5J0PmQB1HIZNF3KfeT/lDc3ZQBpOuFGU7cwjHLm1Moi1/xeS', 'Nina Angelina', 'Jl. Kenanga No. 14', '1994-11-11', 'f', '081234567903', true, NULL, NULL, NULL, NULL, 'App\Models\Veterinarian', 14, NULL, NULL, NULL, NULL, NULL, NULL, NULL);
INSERT INTO public.users VALUES ('2e40cfbd-ebf1-4084-8035-ce85eea42e5a', 'ocha@example.com', '$2y$12$/OHIPPojVxHm6IARkkeaf.vV5NH9Knmkuuwgy3ZafKZRwOKCksLSS', 'Ocha Natasya', 'Jl. Kamboja No. 15', '1990-01-01', 'f', '081234567904', true, NULL, NULL, NULL, NULL, 'App\Models\Veterinarian', 15, NULL, NULL, NULL, NULL, NULL, NULL, NULL);
INSERT INTO public.users VALUES ('18301379-7455-4684-8bb0-cfa556f19ce6', 'lina@example.com', '$2y$12$gFP8Zo79C4yH9bfU/y7/XeNQnNbMaA4blzSnibrDCExdrD5ND7qmG', 'Lina Lorena', 'Jl. Melur No. 16', '1987-07-07', 'f', '081234567905', true, NULL, NULL, NULL, NULL, 'App\Models\Veterinarian', 16, NULL, NULL, NULL, NULL, NULL, NULL, NULL);
INSERT INTO public.users VALUES ('fb779dc3-22ae-4752-b478-36e783c68a29', 'clinic1@dev.io', '$2y$12$VcJxHJknRvmKceLAn4xjh.12dqyd/b9dxuOHGsSf1l/fanTw8FJ.2', 'Clinic User-1', NULL, NULL, NULL, NULL, true, NULL, NULL, NULL, NULL, 'App\Models\Clinic', 1, NULL, '2024-10-20 21:25:48', '2024-10-20 21:25:48', NULL, NULL, NULL, NULL);
INSERT INTO public.users VALUES ('1fa28fa9-6737-4d20-8f8b-e781c8db336d', 'clinic2@dev.io', '$2y$12$U6mBpi9lF52/dF4sxc8hx.aJJsw/6cHTqLs86ilSpsVYhfaC6i/JG', 'Clinic User-2', NULL, NULL, NULL, NULL, true, NULL, NULL, NULL, NULL, 'App\Models\Clinic', 2, NULL, '2024-10-20 21:25:48', '2024-10-20 21:25:48', NULL, NULL, NULL, NULL);
INSERT INTO public.users VALUES ('3e43c89e-c995-4e90-9473-7d5d0358c077', 'clinic3@dev.io', '$2y$12$/yIYdw5/pk.PI4OA0rZA3en/0OiPhLvajgyoBTtU8E9FoVnTTsNBm', 'Clinic User-3', NULL, NULL, NULL, NULL, true, NULL, NULL, NULL, NULL, 'App\Models\Clinic', 3, NULL, '2024-10-20 21:25:48', '2024-10-20 21:25:48', NULL, NULL, NULL, NULL);
INSERT INTO public.users VALUES ('de07d77d-0aff-4c2c-b93f-59876b250ccb', 'clinic4@dev.io', '$2y$12$l8xs7ubKXeKiDH6RtYTv3eOMqKXERS9nIwcseDM4DllNv3dHRevOy', 'Clinic User-4', NULL, NULL, NULL, NULL, true, NULL, NULL, NULL, NULL, 'App\Models\Clinic', 4, NULL, '2024-10-20 21:25:49', '2024-10-20 21:25:49', NULL, NULL, NULL, NULL);
INSERT INTO public.users VALUES ('79cce795-a7b7-4318-9d83-f9848a718a7b', 'clinic5@dev.io', '$2y$12$q2FtZW3dIEDZg8heH1shIuvo8eVzYrAdCboaUbYHDZw.6AoL4X14m', 'Clinic User-5', NULL, NULL, NULL, NULL, true, NULL, NULL, NULL, NULL, 'App\Models\Clinic', 5, NULL, '2024-10-20 21:25:49', '2024-10-20 21:25:49', NULL, NULL, NULL, NULL);
INSERT INTO public.users VALUES ('b634b92e-d78e-4145-b0cf-53bf02c60300', 'clinic6@dev.io', '$2y$12$0WwAfnBrv9YIxDFWW/pUsOdq8TM136GHbtGblqJHaimJLl8I1BMgG', 'Clinic User-6', NULL, NULL, NULL, NULL, true, NULL, NULL, NULL, NULL, 'App\Models\Clinic', 6, NULL, '2024-10-20 21:25:49', '2024-10-20 21:25:49', NULL, NULL, NULL, NULL);
INSERT INTO public.users VALUES ('f6a73400-e698-4abd-b174-eb64674a29ab', 'clinic7@dev.io', '$2y$12$UikvZyAfVdx/pH9bxrppE.QLLNtEwpUuyhiNnBxg75016TUu9MpuO', 'Clinic User-7', NULL, NULL, NULL, NULL, true, NULL, NULL, NULL, NULL, 'App\Models\Clinic', 7, NULL, '2024-10-20 21:25:49', '2024-10-20 21:25:49', NULL, NULL, NULL, NULL);
INSERT INTO public.users VALUES ('97fee490-687b-4226-a223-6587f687a0db', 'clinic8@dev.io', '$2y$12$zOK3DXEE/Q6eAu0Yn2.gt.T5sLvxDgBe5Zg7e0TCTFjL3gvOX3GNO', 'Clinic User-8', NULL, NULL, NULL, NULL, true, NULL, NULL, NULL, NULL, 'App\Models\Clinic', 8, NULL, '2024-10-20 21:25:49', '2024-10-20 21:25:49', NULL, NULL, NULL, NULL);
INSERT INTO public.users VALUES ('52573577-f703-4fa8-8b74-e8f6a3683a9f', 'clinic9@dev.io', '$2y$12$OVBvIO7G5PFV88hMJD6XOuR451YBlYNnTwMjMFfSITEbLelyiE8qS', 'Clinic User-9', NULL, NULL, NULL, NULL, true, NULL, NULL, NULL, NULL, 'App\Models\Clinic', 9, NULL, '2024-10-20 21:25:50', '2024-10-20 21:25:50', NULL, NULL, NULL, NULL);
INSERT INTO public.users VALUES ('355100f1-4177-42f7-8384-2c5577ab900d', 'clinic10@dev.io', '$2y$12$SscxVdYtXw6W.ziwYF7ZouyTt7SNMY6dDOQCthjbD9EXAJ08YjGpe', 'Clinic User-10', NULL, NULL, NULL, NULL, true, NULL, NULL, NULL, NULL, 'App\Models\Clinic', 10, NULL, '2024-10-20 21:25:50', '2024-10-20 21:25:50', NULL, NULL, NULL, NULL);
INSERT INTO public.users VALUES ('52aa9522-4c31-45c0-b22b-611e05db907b', 'clinic11@dev.io', '$2y$12$JTr1CuoAYTWdVWsgppowE./vk1TYfJZA/BCVWP4dzGqxgukfLKBsi', 'Clinic User-11', NULL, NULL, NULL, NULL, true, NULL, NULL, NULL, NULL, 'App\Models\Clinic', 11, NULL, '2024-10-20 21:25:50', '2024-10-20 21:25:50', NULL, NULL, NULL, NULL);
INSERT INTO public.users VALUES ('6f758146-1e02-4096-ba76-8e975dd7c5c4', 'clinic12@dev.io', '$2y$12$bJzaoHO7ptpsNIamZ6jI7O18apG3JHEGIFhaAzE2jQ38IcXKr1qwy', 'Clinic User-12', NULL, NULL, NULL, NULL, true, NULL, NULL, NULL, NULL, 'App\Models\Clinic', 12, NULL, '2024-10-20 21:25:50', '2024-10-20 21:25:50', NULL, NULL, NULL, NULL);
INSERT INTO public.users VALUES ('3eee57d6-6d23-4878-b315-019bb485a21e', 'clinic13@dev.io', '$2y$12$wSJJrnLDaTvXifa40EtIB.UQgaox5as67mHWAys5eEooxDm4/Q9Vy', 'Clinic User-13', NULL, NULL, NULL, NULL, true, NULL, NULL, NULL, NULL, 'App\Models\Clinic', 13, NULL, '2024-10-20 21:25:50', '2024-10-20 21:25:50', NULL, NULL, NULL, NULL);
INSERT INTO public.users VALUES ('e04df935-9137-4311-bfb4-57f5a5cf0ed6', 'clinic14@dev.io', '$2y$12$NB.8q0BJTkhgjaH.OcJO7ukIr4Bkg1yNZEJihpgeskqWx4rbZ8Yz2', 'Clinic User-14', NULL, NULL, NULL, NULL, true, NULL, NULL, NULL, NULL, 'App\Models\Clinic', 14, NULL, '2024-10-20 21:25:51', '2024-10-20 21:25:51', NULL, NULL, NULL, NULL);
INSERT INTO public.users VALUES ('0f344ca3-ebd5-4ebd-87d9-bb348090a4a3', 'clinic15@dev.io', '$2y$12$xPvFnnG9Czc7iugekRC31.OCT47Bu7W2kIitTtNLaKNNyY8qZMEau', 'Clinic User-15', NULL, NULL, NULL, NULL, true, NULL, NULL, NULL, NULL, 'App\Models\Clinic', 15, NULL, '2024-10-20 21:25:51', '2024-10-20 21:25:51', NULL, NULL, NULL, NULL);
INSERT INTO public.users VALUES ('11b7f17e-aabb-4aa1-a71f-61410ec8ab7a', 'clinic16@dev.io', '$2y$12$8hU6Ns69LrB7k9WLvGu3mOi8ZgV8wkbKXHLW5HgBWRTo358dfLbZq', 'Clinic User-16', NULL, NULL, NULL, NULL, true, NULL, NULL, NULL, NULL, 'App\Models\Clinic', 16, NULL, '2024-10-20 21:25:51', '2024-10-20 21:25:51', NULL, NULL, NULL, NULL);
INSERT INTO public.users VALUES ('1697de1f-7166-4f11-bcab-c5cff6da51d2', 'clinic17@dev.io', '$2y$12$aDeaxKT3DOnIaDrvMN44TetX448zqY/nU0VXUWTgpQb2lmMAKHZGC', 'Clinic User-17', NULL, NULL, NULL, NULL, true, NULL, NULL, NULL, NULL, 'App\Models\Clinic', 17, NULL, '2024-10-20 21:25:51', '2024-10-20 21:25:51', NULL, NULL, NULL, NULL);
INSERT INTO public.users VALUES ('e1cb7ec6-ccf2-4d09-840b-4dba22832262', 'clinic18@dev.io', '$2y$12$Pa.X/c96YGnV/NvIHmOamuwLbflER00mKaGqChQT0N.HfThAq31bm', 'Clinic User-18', NULL, NULL, NULL, NULL, true, NULL, NULL, NULL, NULL, 'App\Models\Clinic', 18, NULL, '2024-10-20 21:25:51', '2024-10-20 21:25:51', NULL, NULL, NULL, NULL);
INSERT INTO public.users VALUES ('303e3a61-979a-4b0c-af6c-e169be082177', 'clinic19@dev.io', '$2y$12$rW4hqow.eX9txhrl.B4nD.sYX4lJEsDHqGOBNYexZrLIKZFgaBD5q', 'Clinic User-19', NULL, NULL, NULL, NULL, true, NULL, NULL, NULL, NULL, 'App\Models\Clinic', 19, NULL, '2024-10-20 21:25:52', '2024-10-20 21:25:52', NULL, NULL, NULL, NULL);
INSERT INTO public.users VALUES ('b1d97ff9-ba0e-4ba0-a45f-f6fef06c8ddd', 'clinic20@dev.io', '$2y$12$OrnZ8brSJa1v8ri4Y9an0eCoPksg7LeOWcl65x9Ia3aNijop342oS', 'Clinic User-20', NULL, NULL, NULL, NULL, true, NULL, NULL, NULL, NULL, 'App\Models\Clinic', 20, NULL, '2024-10-20 21:25:52', '2024-10-20 21:25:52', NULL, NULL, NULL, NULL);
INSERT INTO public.users VALUES ('e2d8f99f-7f8c-438d-a041-939ccbc35f1a', 'pet_owner@dev.io', '$2y$12$neJ2HtgT42Zfy7i/z5rJYu1Vmc8jQvMEFDN25kjVUrceVwFZOadUC', 'Pet Owner Dummy', NULL, NULL, NULL, '08123122342', true, NULL, NULL, NULL, NULL, 'App\Models\PetOwner', 1, NULL, '2024-10-20 21:25:52', '2024-10-20 21:25:52', NULL, NULL, NULL, NULL);
INSERT INTO public.users VALUES ('ba14172e-e443-47bf-95b6-bd644537da03', 'ahmad@example.com', '$2y$12$X7ROHvmMVGOwvlyTIKEuQOcCwTW.08C1xkd46oZzykBkEQ6UeakwS', 'Ahmad Setiawan', 'Jl. Merdeka No. 1', '1990-05-21', 'm', '081234567890', true, 0, NULL, NULL, '2024-10-27 18:26:50', 'App\Models\Veterinarian', 1, NULL, NULL, '2024-10-27 18:26:50', NULL, NULL, NULL, NULL);
INSERT INTO public.users VALUES ('91550447-13c6-4b55-8644-452a261350c0', 'admin@dev.io', '$2y$12$z4uJmT6WUrXC5ye/AsEY5O9vlRyTT1wJuZ9WuhEn4E8j/hXFAMIKi', 'pet-a god', NULL, NULL, NULL, NULL, true, 0, NULL, NULL, '2024-10-27 18:18:41', NULL, NULL, NULL, '2024-10-20 21:25:52', '2024-10-27 18:18:41', NULL, NULL, NULL, NULL);
INSERT INTO public.users VALUES ('9d4a9673-59e9-4a2d-aac4-b509462d9f2a', 'loreenncia@gmail.com', '$2y$12$1lLXjyg6kQNeESoN38FE6.uudslzXO9N4KufiiV.Hyv6BnCC6trLy', 'Lorencia', NULL, NULL, NULL, '0818100123', true, 0, NULL, NULL, '2024-10-21 08:04:33', 'App\Models\PetOwner', 3, NULL, '2024-10-20 22:06:12', '2024-10-21 08:04:33', NULL, NULL, NULL, NULL);
INSERT INTO public.users VALUES ('9d4a894c-2091-4da1-8fef-325bc9e611e5', 'galex8096@gmail.com', NULL, 'Steven Alexander', NULL, NULL, NULL, NULL, true, NULL, NULL, NULL, NULL, 'App\Models\PetOwner', 2, 'urJ19PaqOgDiDEOC1l4wEK36afvXOl8mneYhdhdVuy5TitqmHsufFXSOZrcH', '2024-10-20 21:29:26', '2024-10-20 21:29:26', NULL, NULL, NULL, NULL);
INSERT INTO public.users VALUES ('9d5852a8-f6fd-4206-bde2-9ddd90739a12', 'bmo1234@gmail.com', '$2y$12$P8Hm3IM4QMMNDKb7jgaF3eltOuM/5UuJGb3WlFkvFt/Bg.wriC0eq', 'bimo', NULL, NULL, NULL, '0818100912', true, NULL, NULL, NULL, NULL, 'App\Models\PetOwner', 4, NULL, '2024-10-27 17:58:14', '2024-10-27 17:58:14', NULL, NULL, NULL, NULL);
INSERT INTO public.users VALUES ('9d585b5d-8c22-44de-9024-41682627b36d', 'elizabeth100@gmail.com', '$2y$12$6H0lLhWfStk5UfoTXl9g4eZRsI96lEPcbUgtYbwiFgoxVTAOzNz9a', 'Elizabeth', NULL, NULL, NULL, '08181009234', true, NULL, NULL, NULL, NULL, 'App\Models\PetOwner', 5, NULL, '2024-10-27 18:22:35', '2024-10-27 18:22:35', NULL, NULL, NULL, NULL);

--
-- TOC entry 5293 (class 0 OID 210660)
-- Dependencies: 286
-- Data for Name: linked_social_accounts; Type: TABLE DATA; Schema: public; Owner: -
--

INSERT INTO public.linked_social_accounts VALUES (1, '9d4a894c-2091-4da1-8fef-325bc9e611e5', 'google', '106362012793197791299', '2024-10-20 21:29:26', '2024-10-20 21:29:26');


--
-- TOC entry 5255 (class 0 OID 210465)
-- Dependencies: 248
-- Data for Name: medical_record_treatments; Type: TABLE DATA; Schema: public; Owner: -
--



--
-- TOC entry 5257 (class 0 OID 210474)
-- Dependencies: 250
-- Data for Name: medical_records; Type: TABLE DATA; Schema: public; Owner: -
--

INSERT INTO public.medical_records VALUES (1, 1, 1, 'Klinik Sehat Jakarta Selatan', 'Ahmad Setiawan', 'Mual biasa', 'Prilosec', 'anjing harap dipuasakan terlebih dahulu 1 hari dan setelah itu jangan diberi makanan lain selain kibbles', '2024-10-27 18:29:02', '2024-10-27 18:29:02', NULL, NULL, NULL, NULL);
INSERT INTO public.medical_records VALUES (2, 1, 1, 'Klinik Sehat Jakarta Selatan', 'Ahmad Setiawan', 'Mual biasa', 'Prilosec', 'anjing harap dipuasakan terlebih dahulu 1 hari dan setelah itu jangan diberi makanan lain selain kibbles', '2024-10-27 18:29:44', '2024-10-27 18:29:44', NULL, NULL, NULL, NULL);
INSERT INTO public.medical_records VALUES (3, 12, 10, 'Klinik Sehat Jakarta Selatan', 'Ahmad Setiawan', 'Terkena alergi', '-', 'Jangan diberi makanan yang berhubungan dengan ayam', '2024-10-27 18:32:12', '2024-10-27 18:32:12', NULL, NULL, NULL, NULL);
INSERT INTO public.medical_records VALUES (4, 12, 11, 'Klinik Sehat Jakarta Selatan', 'Ahmad Setiawan', 'Batuk', 'Batuxin', 'jauhkan dari makanan berminyak', '2024-10-27 18:34:29', '2024-10-27 18:34:29', NULL, NULL, NULL, NULL);

--
-- TOC entry 5285 (class 0 OID 210620)
-- Dependencies: 278
-- Data for Name: messages; Type: TABLE DATA; Schema: public; Owner: -
--

INSERT INTO public.messages VALUES (1, true, '9d5852a8-f6fd-4206-bde2-9ddd90739a12', '9d5852a8-f6fd-4206-bde2-9ddd90739a12', 'Permisi, bagaimana cara membuat sebuah appointment?', '2024-10-27 18:19:57', '2024-10-27 18:20:22');
INSERT INTO public.messages VALUES (2, false, '91550447-13c6-4b55-8644-452a261350c0', '9d5852a8-f6fd-4206-bde2-9ddd90739a12', 'Baik, untuk membuat appointment Bapak/Ibu dapat menuju menu appointment', '2024-10-27 18:20:45', '2024-10-27 18:20:45');
INSERT INTO public.messages VALUES (3, false, '91550447-13c6-4b55-8644-452a261350c0', '9d5852a8-f6fd-4206-bde2-9ddd90739a12', 'kemudian bapak memilih dokter beserta jadwal appointment dan keluhannya', '2024-10-27 18:21:13', '2024-10-27 18:21:13');
INSERT INTO public.messages VALUES (4, false, '9d5852a8-f6fd-4206-bde2-9ddd90739a12', '9d5852a8-f6fd-4206-bde2-9ddd90739a12', 'Baik, Terima kasih ', '2024-10-27 18:21:35', '2024-10-27 18:21:35');


INSERT INTO public.model_has_roles VALUES (3, 'App\Models\User', 'fb779dc3-22ae-4752-b478-36e783c68a29');
INSERT INTO public.model_has_roles VALUES (3, 'App\Models\User', '1fa28fa9-6737-4d20-8f8b-e781c8db336d');
INSERT INTO public.model_has_roles VALUES (3, 'App\Models\User', '3e43c89e-c995-4e90-9473-7d5d0358c077');
INSERT INTO public.model_has_roles VALUES (3, 'App\Models\User', 'de07d77d-0aff-4c2c-b93f-59876b250ccb');
INSERT INTO public.model_has_roles VALUES (3, 'App\Models\User', '79cce795-a7b7-4318-9d83-f9848a718a7b');
INSERT INTO public.model_has_roles VALUES (3, 'App\Models\User', 'b634b92e-d78e-4145-b0cf-53bf02c60300');
INSERT INTO public.model_has_roles VALUES (3, 'App\Models\User', 'f6a73400-e698-4abd-b174-eb64674a29ab');
INSERT INTO public.model_has_roles VALUES (3, 'App\Models\User', '97fee490-687b-4226-a223-6587f687a0db');
INSERT INTO public.model_has_roles VALUES (3, 'App\Models\User', '52573577-f703-4fa8-8b74-e8f6a3683a9f');
INSERT INTO public.model_has_roles VALUES (3, 'App\Models\User', '355100f1-4177-42f7-8384-2c5577ab900d');
INSERT INTO public.model_has_roles VALUES (3, 'App\Models\User', '52aa9522-4c31-45c0-b22b-611e05db907b');
INSERT INTO public.model_has_roles VALUES (3, 'App\Models\User', '6f758146-1e02-4096-ba76-8e975dd7c5c4');
INSERT INTO public.model_has_roles VALUES (3, 'App\Models\User', '3eee57d6-6d23-4878-b315-019bb485a21e');
INSERT INTO public.model_has_roles VALUES (3, 'App\Models\User', 'e04df935-9137-4311-bfb4-57f5a5cf0ed6');
INSERT INTO public.model_has_roles VALUES (3, 'App\Models\User', '0f344ca3-ebd5-4ebd-87d9-bb348090a4a3');
INSERT INTO public.model_has_roles VALUES (3, 'App\Models\User', '11b7f17e-aabb-4aa1-a71f-61410ec8ab7a');
INSERT INTO public.model_has_roles VALUES (3, 'App\Models\User', '1697de1f-7166-4f11-bcab-c5cff6da51d2');
INSERT INTO public.model_has_roles VALUES (3, 'App\Models\User', 'e1cb7ec6-ccf2-4d09-840b-4dba22832262');
INSERT INTO public.model_has_roles VALUES (3, 'App\Models\User', '303e3a61-979a-4b0c-af6c-e169be082177');
INSERT INTO public.model_has_roles VALUES (3, 'App\Models\User', 'b1d97ff9-ba0e-4ba0-a45f-f6fef06c8ddd');
INSERT INTO public.model_has_roles VALUES (1, 'App\Models\User', 'e2d8f99f-7f8c-438d-a041-939ccbc35f1a');
INSERT INTO public.model_has_roles VALUES (4, 'App\Models\User', '91550447-13c6-4b55-8644-452a261350c0');
INSERT INTO public.model_has_roles VALUES (2, 'App\Models\User', 'ba14172e-e443-47bf-95b6-bd644537da03');
INSERT INTO public.model_has_roles VALUES (2, 'App\Models\User', '795ab5fe-9ebf-4798-a7f6-0a975557941b');
INSERT INTO public.model_has_roles VALUES (2, 'App\Models\User', '2146591a-ead9-4f72-99d9-a67944a336f6');
INSERT INTO public.model_has_roles VALUES (2, 'App\Models\User', '63099430-8fb5-4c16-b9b6-61594db87999');
INSERT INTO public.model_has_roles VALUES (2, 'App\Models\User', 'c75c4f6a-a413-4407-a639-4ddefd2c4fdb');
INSERT INTO public.model_has_roles VALUES (2, 'App\Models\User', '6735eaba-cb2c-4a81-b80f-a0b61be16880');
INSERT INTO public.model_has_roles VALUES (2, 'App\Models\User', 'a5c5bbbc-3557-4a1d-8e76-80b19e456681');
INSERT INTO public.model_has_roles VALUES (2, 'App\Models\User', '9d518c15-80d3-45cf-a9ad-161705dd4c56');
INSERT INTO public.model_has_roles VALUES (2, 'App\Models\User', '63d08263-ca7e-49f7-9ae3-8cf344f16758');
INSERT INTO public.model_has_roles VALUES (2, 'App\Models\User', 'a30d5347-3bab-4a46-b6bc-5ae3d4370258');
INSERT INTO public.model_has_roles VALUES (2, 'App\Models\User', '66f5757d-638a-4785-9b66-c65b71357d0c');
INSERT INTO public.model_has_roles VALUES (2, 'App\Models\User', '770af274-7fe5-4efe-ac73-8a2b0729de4d');
INSERT INTO public.model_has_roles VALUES (2, 'App\Models\User', '3e838f17-0f50-4b32-9e47-c96e50488a9c');
INSERT INTO public.model_has_roles VALUES (2, 'App\Models\User', 'bd7c1c96-efa0-4c6b-a38a-b55cb6e10ba2');
INSERT INTO public.model_has_roles VALUES (2, 'App\Models\User', '2e40cfbd-ebf1-4084-8035-ce85eea42e5a');
INSERT INTO public.model_has_roles VALUES (2, 'App\Models\User', '18301379-7455-4684-8bb0-cfa556f19ce6');
INSERT INTO public.model_has_roles VALUES (1, 'App\Models\User', '9d4a894c-2091-4da1-8fef-325bc9e611e5');
INSERT INTO public.model_has_roles VALUES (1, 'App\Models\User', '9d4a9673-59e9-4a2d-aac4-b509462d9f2a');
INSERT INTO public.model_has_roles VALUES (1, 'App\Models\User', '9d5852a8-f6fd-4206-bde2-9ddd90739a12');
INSERT INTO public.model_has_roles VALUES (1, 'App\Models\User', '9d585b5d-8c22-44de-9024-41682627b36d');



--
-- TOC entry 5291 (class 0 OID 210650)
-- Dependencies: 284
-- Data for Name: notifications; Type: TABLE DATA; Schema: public; Owner: -
--

INSERT INTO public.notifications VALUES (1, '9d4a894c-2091-4da1-8fef-325bc9e611e5', 4, 'vaccination Infectious Laryngotracheitis (ILT) ', NULL, '2024-11-20 00:00:00', NULL, false, '2024-10-20 21:35:30', '2024-10-20 21:35:30', NULL, NULL, NULL, NULL);
INSERT INTO public.notifications VALUES (2, '9d4a894c-2091-4da1-8fef-325bc9e611e5', 5, 'Medication Anthelmintic', NULL, '2025-01-07 00:00:00', NULL, false, '2024-10-20 21:38:38', '2024-10-20 21:38:38', NULL, NULL, NULL, NULL);
INSERT INTO public.notifications VALUES (3, '9d4a894c-2091-4da1-8fef-325bc9e611e5', 5, 'vaccination Parainfluenza 2', NULL, '2024-11-03 00:00:00', NULL, false, '2024-10-20 21:42:47', '2024-10-20 21:42:47', NULL, NULL, NULL, NULL);
INSERT INTO public.notifications VALUES (4, '9d4a894c-2091-4da1-8fef-325bc9e611e5', 5, 'vaccination Leptospira', NULL, '2024-11-03 00:00:00', NULL, false, '2024-10-20 21:43:07', '2024-10-20 21:43:07', NULL, NULL, NULL, NULL);
INSERT INTO public.notifications VALUES (5, '9d4a894c-2091-4da1-8fef-325bc9e611e5', 5, 'Consultation Appointment with Caryn Widjaya at Clinic Klinik Kuningan Sentosa', 'http://127.0.0.1:8000/pet-owner/appointment/3', '2024-10-24 14:00:00', NULL, false, '2024-10-20 21:44:21', '2024-10-20 21:44:21', NULL, NULL, NULL, NULL);
INSERT INTO public.notifications VALUES (6, '9d4a894c-2091-4da1-8fef-325bc9e611e5', 6, 'vaccination Rhinotracheitis', NULL, '2024-12-01 00:00:00', NULL, false, '2024-10-20 21:47:55', '2024-10-20 21:47:55', NULL, NULL, NULL, NULL);
INSERT INTO public.notifications VALUES (7, '9d4a9673-59e9-4a2d-aac4-b509462d9f2a', 7, 'vaccination Parainfluenza 2', NULL, '2024-11-07 00:00:00', NULL, false, '2024-10-21 07:54:11', '2024-10-21 07:54:11', NULL, NULL, NULL, NULL);
INSERT INTO public.notifications VALUES (8, '9d4a9673-59e9-4a2d-aac4-b509462d9f2a', 7, 'vaccination Bordetella', NULL, '2024-11-07 00:00:00', NULL, false, '2024-10-21 07:54:21', '2024-10-21 07:54:21', NULL, NULL, NULL, NULL);
INSERT INTO public.notifications VALUES (9, '9d4a9673-59e9-4a2d-aac4-b509462d9f2a', 7, 'Medication Anthelmintic', NULL, '2024-11-01 00:00:00', NULL, false, '2024-10-21 07:54:41', '2024-10-21 07:54:41', NULL, NULL, NULL, NULL);
INSERT INTO public.notifications VALUES (10, '9d4a9673-59e9-4a2d-aac4-b509462d9f2a', 7, 'Medication flea medicine', NULL, '2024-12-18 00:00:00', NULL, false, '2024-10-21 07:55:01', '2024-10-21 07:55:01', NULL, NULL, NULL, NULL);
INSERT INTO public.notifications VALUES (11, '9d4a9673-59e9-4a2d-aac4-b509462d9f2a', 7, 'Consultation Appointment with Hendra Wijaya at Clinic Klinik Tasikmalaya Sejahtera', 'http://127.0.0.1:8000/pet-owner/appointment/4', '2024-10-22 18:00:00', NULL, false, '2024-10-21 07:56:16', '2024-10-21 07:56:16', NULL, NULL, NULL, NULL);
INSERT INTO public.notifications VALUES (12, '9d4a9673-59e9-4a2d-aac4-b509462d9f2a', 8, 'Medication flea medicine', NULL, '2024-12-01 00:00:00', NULL, false, '2024-10-21 07:59:16', '2024-10-21 07:59:16', NULL, NULL, NULL, NULL);
INSERT INTO public.notifications VALUES (13, '9d4a9673-59e9-4a2d-aac4-b509462d9f2a', 8, 'vaccination Distemper', NULL, '2024-11-07 00:00:00', NULL, false, '2024-10-21 07:59:39', '2024-10-21 07:59:39', NULL, NULL, NULL, NULL);
INSERT INTO public.notifications VALUES (14, '9d4a9673-59e9-4a2d-aac4-b509462d9f2a', 8, 'vaccination Hepatitis CAV 2', NULL, '2024-11-07 00:00:00', NULL, false, '2024-10-21 07:59:51', '2024-10-21 07:59:51', NULL, NULL, NULL, NULL);
INSERT INTO public.notifications VALUES (15, '9d4a9673-59e9-4a2d-aac4-b509462d9f2a', 8, 'vaccination Parvovirus', NULL, '2024-11-07 00:00:00', NULL, false, '2024-10-21 07:59:58', '2024-10-21 07:59:58', NULL, NULL, NULL, NULL);
INSERT INTO public.notifications VALUES (16, '9d4a9673-59e9-4a2d-aac4-b509462d9f2a', 8, 'vaccination Rabies', NULL, '2024-11-07 00:00:00', NULL, false, '2024-10-21 08:00:05', '2024-10-21 08:00:05', NULL, NULL, NULL, NULL);
INSERT INTO public.notifications VALUES (17, '9d4a9673-59e9-4a2d-aac4-b509462d9f2a', 8, 'Medication Anthelmintic', NULL, '2024-12-26 00:00:00', NULL, false, '2024-10-21 08:00:20', '2024-10-21 08:00:20', NULL, NULL, NULL, NULL);
INSERT INTO public.notifications VALUES (18, '9d4a9673-59e9-4a2d-aac4-b509462d9f2a', 8, 'Consultation Appointment with Karin Wulandari at Clinic Klinik Jakarta Pusat', 'http://127.0.0.1:8000/pet-owner/appointment/5', '2024-11-05 17:30:00', NULL, false, '2024-10-21 08:02:25', '2024-10-21 08:02:25', NULL, NULL, NULL, NULL);
INSERT INTO public.notifications VALUES (19, '9d5852a8-f6fd-4206-bde2-9ddd90739a12', 9, 'Medication Anthelmintic', NULL, '2024-11-14 00:00:00', NULL, false, '2024-10-27 18:00:13', '2024-10-27 18:00:13', NULL, NULL, NULL, NULL);
INSERT INTO public.notifications VALUES (20, '9d5852a8-f6fd-4206-bde2-9ddd90739a12', 9, 'Medication flea medicine', NULL, '2024-11-30 00:00:00', NULL, false, '2024-10-27 18:00:41', '2024-10-27 18:00:41', NULL, NULL, NULL, NULL);
INSERT INTO public.notifications VALUES (21, '9d5852a8-f6fd-4206-bde2-9ddd90739a12', 9, 'vaccination Parainfluenza 2', NULL, '2024-12-10 00:00:00', NULL, false, '2024-10-27 18:02:36', '2024-10-27 18:02:36', NULL, NULL, NULL, NULL);
INSERT INTO public.notifications VALUES (22, '9d5852a8-f6fd-4206-bde2-9ddd90739a12', 9, 'vaccination Bordetella', NULL, '2024-12-10 00:00:00', NULL, false, '2024-10-27 18:02:47', '2024-10-27 18:02:47', NULL, NULL, NULL, NULL);
INSERT INTO public.notifications VALUES (23, '9d5852a8-f6fd-4206-bde2-9ddd90739a12', 9, 'Sterilization Appointment with Fajar Firmansyah at Clinic Klinik Jakarta Timur', 'http://127.0.0.1:8000/pet-owner/appointment/6', '2024-11-05 11:00:00', NULL, false, '2024-10-27 18:03:44', '2024-10-27 18:03:44', NULL, NULL, NULL, NULL);
INSERT INTO public.notifications VALUES (24, '9d5852a8-f6fd-4206-bde2-9ddd90739a12', 9, 'Vaccination Appointment with Ahmad Setiawan at Clinic Klinik Sehat Jakarta Selatan', 'http://127.0.0.1:8000/pet-owner/appointment/7', '2024-11-11 11:30:00', NULL, false, '2024-10-27 18:05:38', '2024-10-27 18:05:38', NULL, NULL, NULL, NULL);
INSERT INTO public.notifications VALUES (25, '9d5852a8-f6fd-4206-bde2-9ddd90739a12', 10, 'Medication flea medicine', NULL, '2024-12-05 00:00:00', NULL, false, '2024-10-27 18:06:53', '2024-10-27 18:06:53', NULL, NULL, NULL, NULL);
INSERT INTO public.notifications VALUES (26, '9d5852a8-f6fd-4206-bde2-9ddd90739a12', 10, 'Medication Anthelmintic', NULL, '2024-12-31 00:00:00', NULL, false, '2024-10-27 18:07:08', '2024-10-27 18:07:08', NULL, NULL, NULL, NULL);
INSERT INTO public.notifications VALUES (27, '9d5852a8-f6fd-4206-bde2-9ddd90739a12', 10, 'Consultation Appointment with Steven Wongso at Clinic Klinik Bandung Medika', 'http://127.0.0.1:8000/pet-owner/appointment/8', '2024-10-28 15:00:00', NULL, false, '2024-10-27 18:09:05', '2024-10-27 18:09:05', NULL, NULL, NULL, NULL);
INSERT INTO public.notifications VALUES (28, '9d5852a8-f6fd-4206-bde2-9ddd90739a12', 11, 'Medication Anthelmintic', NULL, '2024-12-20 00:00:00', NULL, false, '2024-10-27 18:10:37', '2024-10-27 18:10:37', NULL, NULL, NULL, NULL);
INSERT INTO public.notifications VALUES (29, '9d5852a8-f6fd-4206-bde2-9ddd90739a12', 11, 'Medication flea medicine', NULL, '2024-12-31 00:00:00', NULL, false, '2024-10-27 18:10:56', '2024-10-27 18:10:56', NULL, NULL, NULL, NULL);
INSERT INTO public.notifications VALUES (30, '9d5852a8-f6fd-4206-bde2-9ddd90739a12', 11, 'Consultation Appointment with Fajar Firmansyah at Clinic Klinik Jakarta Timur', 'http://127.0.0.1:8000/pet-owner/appointment/9', '2024-10-31 18:00:00', NULL, false, '2024-10-27 18:12:13', '2024-10-27 18:12:13', NULL, NULL, NULL, NULL);
INSERT INTO public.notifications VALUES (31, '9d585b5d-8c22-44de-9024-41682627b36d', 12, 'Medication flea medicine', NULL, '2024-11-07 00:00:00', NULL, false, '2024-10-27 18:25:21', '2024-10-27 18:25:21', NULL, NULL, NULL, NULL);
INSERT INTO public.notifications VALUES (32, '9d585b5d-8c22-44de-9024-41682627b36d', 12, 'Consultation Appointment with Ahmad Setiawan at Clinic Klinik Sehat Jakarta Selatan', 'http://127.0.0.1:8000/pet-owner/appointment/10', '2024-10-28 18:30:00', NULL, false, '2024-10-27 18:31:17', '2024-10-27 18:31:17', NULL, NULL, NULL, NULL);
INSERT INTO public.notifications VALUES (33, '9d585b5d-8c22-44de-9024-41682627b36d', 12, 'Consultation Appointment with Ahmad Setiawan at Clinic Klinik Sehat Jakarta Selatan', 'http://127.0.0.1:8000/pet-owner/appointment/11', '2024-10-31 19:00:00', NULL, false, '2024-10-27 18:33:37', '2024-10-27 18:33:37', NULL, NULL, NULL, NULL);
INSERT INTO public.notifications VALUES (34, '9d585b5d-8c22-44de-9024-41682627b36d', 12, 'Consultation Appointment with Nina Angelina at Clinic Klinik Sumedang Prima', 'http://127.0.0.1:8000/pet-owner/appointment/12', '2024-10-31 17:00:00', NULL, false, '2024-10-27 19:50:17', '2024-10-27 19:50:17', NULL, NULL, NULL, NULL);
INSERT INTO public.notifications VALUES (35, '9d585b5d-8c22-44de-9024-41682627b36d', 14, 'vaccination Leptospira', NULL, '2024-10-28 00:00:00', NULL, false, '2024-10-27 19:50:38', '2024-10-27 19:50:38', NULL, NULL, NULL, NULL);
INSERT INTO public.notifications VALUES (36, '9d585b5d-8c22-44de-9024-41682627b36d', 14, 'vaccination Parvovirus', NULL, '2024-10-28 00:00:00', NULL, false, '2024-10-27 19:50:50', '2024-10-27 19:50:50', NULL, NULL, NULL, NULL);
INSERT INTO public.notifications VALUES (37, '9d585b5d-8c22-44de-9024-41682627b36d', 15, 'vaccination Panleukopenia', NULL, '2024-12-04 00:00:00', NULL, false, '2024-10-27 19:52:49', '2024-10-27 19:52:49', NULL, NULL, NULL, NULL);
INSERT INTO public.notifications VALUES (38, '9d585b5d-8c22-44de-9024-41682627b36d', 15, 'vaccination Chlamydia', NULL, '2024-12-04 00:00:00', NULL, false, '2024-10-27 19:52:59', '2024-10-27 19:52:59', NULL, NULL, NULL, NULL);
INSERT INTO public.notifications VALUES (39, '9d585b5d-8c22-44de-9024-41682627b36d', 15, 'Consultation Appointment with Calista Huang at Clinic Klinik Ciamis Lestari', 'http://127.0.0.1:8000/pet-owner/appointment/13', '2024-12-04 11:00:00', NULL, false, '2024-10-27 19:53:42', '2024-10-27 19:53:42', NULL, NULL, NULL, NULL);


INSERT INTO public.pet_allergies VALUES (1, 5, 5, 2, 'chicken', 'Allergy with chicken base product', NULL, NULL, NULL, NULL, NULL, NULL);
INSERT INTO public.pet_allergies VALUES (2, 6, 11, 1, 'mushroom', 'Allergy with mushroom base product', NULL, NULL, NULL, NULL, NULL, NULL);
INSERT INTO public.pet_allergies VALUES (3, 7, 5, 3, 'chicken', 'Allergy with chicken base product', NULL, NULL, NULL, NULL, NULL, NULL);
INSERT INTO public.pet_allergies VALUES (4, 7, 6, 2, 'cow', 'Allergy with cow base product', NULL, NULL, NULL, NULL, NULL, NULL);
INSERT INTO public.pet_allergies VALUES (5, 7, 8, 1, 'seed', 'Allergy with seed base product', NULL, NULL, NULL, NULL, NULL, NULL);
INSERT INTO public.pet_allergies VALUES (6, 7, 11, 1, 'mushroom', 'Allergy with mushroom base product', NULL, NULL, NULL, NULL, NULL, NULL);
INSERT INTO public.pet_allergies VALUES (7, 7, 12, 1, 'Peanut', 'Allergy with peanut base product', NULL, NULL, NULL, NULL, NULL, NULL);
INSERT INTO public.pet_allergies VALUES (8, 8, 5, 3, 'chicken', 'Allergy with chicken base product', NULL, NULL, NULL, NULL, NULL, NULL);
INSERT INTO public.pet_allergies VALUES (9, 9, 5, 3, 'chicken', 'Allergy with chicken base product', NULL, NULL, NULL, NULL, NULL, NULL);
INSERT INTO public.pet_allergies VALUES (10, 9, 12, 2, 'Peanut', 'Allergy with peanut base product', NULL, NULL, NULL, NULL, NULL, NULL);
INSERT INTO public.pet_allergies VALUES (11, 10, 6, 1, 'cow', 'Allergy with cow base product', NULL, NULL, NULL, NULL, NULL, NULL);
INSERT INTO public.pet_allergies VALUES (12, 10, 12, 2, 'Peanut', 'Allergy with peanut base product', NULL, NULL, NULL, NULL, NULL, NULL);
INSERT INTO public.pet_allergies VALUES (13, 11, 5, 3, 'chicken', 'Allergy with chicken base product', NULL, NULL, NULL, NULL, NULL, NULL);
INSERT INTO public.pet_allergies VALUES (14, 11, 11, 1, 'mushroom', 'Allergy with mushroom base product', NULL, NULL, NULL, NULL, NULL, NULL);
INSERT INTO public.pet_allergies VALUES (15, 11, 12, 1, 'Peanut', 'Allergy with peanut base product', NULL, NULL, NULL, NULL, NULL, NULL);
INSERT INTO public.pet_allergies VALUES (16, 12, 5, 3, 'chicken', 'Allergy with chicken base product', NULL, NULL, NULL, NULL, NULL, NULL);
INSERT INTO public.pet_allergies VALUES (17, 14, 7, 3, 'insect', 'Allergy with insect base product', NULL, NULL, NULL, NULL, NULL, NULL);
INSERT INTO public.pet_allergies VALUES (18, 14, 8, 1, 'seed', 'Allergy with seed base product', NULL, NULL, NULL, NULL, NULL, NULL);
INSERT INTO public.pet_allergies VALUES (19, 15, 5, 2, 'chicken', 'Allergy with chicken base product', NULL, NULL, NULL, NULL, NULL, NULL);
INSERT INTO public.pet_allergies VALUES (20, 15, 9, 1, 'soap', 'Allergy with soap', NULL, NULL, NULL, NULL, NULL, NULL);
INSERT INTO public.pet_allergies VALUES (21, 15, 10, 3, 'wheat', 'Allergy with wheat base product', NULL, NULL, NULL, NULL, NULL, NULL);


INSERT INTO public.pet_medications VALUES (1, 5, 1, 'Combantrin 250 mg', '2024-07-10 00:00:00', '2024-10-20 21:37:58', '2024-10-20 21:37:58', NULL, NULL, NULL, NULL);
INSERT INTO public.pet_medications VALUES (2, 5, 1, 'Combantrin 250 mg', '2025-01-07 00:00:00', '2024-10-20 21:38:38', '2024-10-20 21:38:38', NULL, NULL, NULL, NULL);
INSERT INTO public.pet_medications VALUES (3, 5, 2, 'Detick', '2024-05-24 00:00:00', '2024-10-20 21:41:14', '2024-10-20 21:41:14', NULL, NULL, NULL, NULL);
INSERT INTO public.pet_medications VALUES (4, 6, 1, 'Combantrin 250 mg', '2024-07-03 00:00:00', '2024-10-20 21:48:28', '2024-10-20 21:48:28', NULL, NULL, NULL, NULL);
INSERT INTO public.pet_medications VALUES (5, 6, 2, 'NexGard Spectra', '2024-06-19 00:00:00', '2024-10-20 21:49:02', '2024-10-20 21:49:02', NULL, NULL, NULL, NULL);
INSERT INTO public.pet_medications VALUES (6, 7, 1, 'Combantrin 250 mg', '2024-11-01 00:00:00', '2024-10-21 07:54:41', '2024-10-21 07:54:41', NULL, NULL, NULL, NULL);
INSERT INTO public.pet_medications VALUES (7, 7, 2, 'NexGard Spectra', '2024-12-18 00:00:00', '2024-10-21 07:55:01', '2024-10-21 07:55:01', NULL, NULL, NULL, NULL);
INSERT INTO public.pet_medications VALUES (8, 8, 2, 'NexGard Spectra', '2024-12-01 00:00:00', '2024-10-21 07:59:16', '2024-10-21 07:59:16', NULL, NULL, NULL, NULL);
INSERT INTO public.pet_medications VALUES (9, 8, 1, 'Combantrin 250 mg', '2024-12-26 00:00:00', '2024-10-21 08:00:20', '2024-10-21 08:00:20', NULL, NULL, NULL, NULL);
INSERT INTO public.pet_medications VALUES (10, 9, 1, 'BANTRIN Dog Original', '2024-11-14 00:00:00', '2024-10-27 18:00:13', '2024-10-27 18:00:13', NULL, NULL, NULL, NULL);
INSERT INTO public.pet_medications VALUES (11, 9, 2, 'Capstar', '2024-11-30 00:00:00', '2024-10-27 18:00:41', '2024-10-27 18:00:41', NULL, NULL, NULL, NULL);
INSERT INTO public.pet_medications VALUES (12, 10, 2, 'Capstar', '2024-12-05 00:00:00', '2024-10-27 18:06:53', '2024-10-27 18:06:53', NULL, NULL, NULL, NULL);
INSERT INTO public.pet_medications VALUES (13, 10, 1, 'Prima Pet', '2024-12-31 00:00:00', '2024-10-27 18:07:08', '2024-10-27 18:07:08', NULL, NULL, NULL, NULL);
INSERT INTO public.pet_medications VALUES (14, 11, 1, 'Prima Pet', '2024-12-20 00:00:00', '2024-10-27 18:10:37', '2024-10-27 18:10:37', NULL, NULL, NULL, NULL);
INSERT INTO public.pet_medications VALUES (15, 11, 2, 'Frontline Spot-on', '2024-12-31 00:00:00', '2024-10-27 18:10:56', '2024-10-27 18:10:56', NULL, NULL, NULL, NULL);
INSERT INTO public.pet_medications VALUES (16, 12, 2, 'NexGard', '2024-11-07 00:00:00', '2024-10-27 18:25:21', '2024-10-27 18:25:21', NULL, NULL, NULL, NULL);

INSERT INTO public.vaccinations VALUES (1, 1, 'Distemper', NULL, NULL, NULL, NULL, NULL, NULL);
INSERT INTO public.vaccinations VALUES (2, 1, 'Hepatitis CAV 2', NULL, NULL, NULL, NULL, NULL, NULL);
INSERT INTO public.vaccinations VALUES (3, 1, 'Parvovirus', NULL, NULL, NULL, NULL, NULL, NULL);
INSERT INTO public.vaccinations VALUES (4, 1, 'Leptospira', NULL, NULL, NULL, NULL, NULL, NULL);
INSERT INTO public.vaccinations VALUES (5, 1, 'Rabies', NULL, NULL, NULL, NULL, NULL, NULL);
INSERT INTO public.vaccinations VALUES (6, 1, 'Parainfluenza 2', NULL, NULL, NULL, NULL, NULL, NULL);
INSERT INTO public.vaccinations VALUES (7, 1, 'Bordetella', NULL, NULL, NULL, NULL, NULL, NULL);
INSERT INTO public.vaccinations VALUES (8, 2, 'Rhinotracheitis', NULL, NULL, NULL, NULL, NULL, NULL);
INSERT INTO public.vaccinations VALUES (9, 2, 'Calicivirus', NULL, NULL, NULL, NULL, NULL, NULL);
INSERT INTO public.vaccinations VALUES (10, 2, 'Panleukopenia', NULL, NULL, NULL, NULL, NULL, NULL);
INSERT INTO public.vaccinations VALUES (11, 2, 'Rabies', NULL, NULL, NULL, NULL, NULL, NULL);
INSERT INTO public.vaccinations VALUES (12, 2, 'Chlamydia', NULL, NULL, NULL, NULL, NULL, NULL);
INSERT INTO public.vaccinations VALUES (13, 2, 'Leukimia', NULL, NULL, NULL, NULL, NULL, NULL);
INSERT INTO public.vaccinations VALUES (14, 2, 'Infectious Peritonitis', NULL, NULL, NULL, NULL, NULL, NULL);
INSERT INTO public.vaccinations VALUES (15, 3, 'Polyomavirus', NULL, NULL, NULL, NULL, NULL, NULL);
INSERT INTO public.vaccinations VALUES (16, 3, 'Poxvirus (Avian Pox)', NULL, NULL, NULL, NULL, NULL, NULL);
INSERT INTO public.vaccinations VALUES (17, 3, 'Psittacosis (Chlamydia psittaci)', NULL, NULL, NULL, NULL, NULL, NULL);
INSERT INTO public.vaccinations VALUES (18, 3, 'Newcastle Disease', NULL, NULL, NULL, NULL, NULL, NULL);
INSERT INTO public.vaccinations VALUES (19, 3, 'Paramyxovirus', NULL, NULL, NULL, NULL, NULL, NULL);
INSERT INTO public.vaccinations VALUES (20, 3, 'Salmonella', NULL, NULL, NULL, NULL, NULL, NULL);
INSERT INTO public.vaccinations VALUES (21, 3, 'West Nile Virus', NULL, NULL, NULL, NULL, NULL, NULL);
INSERT INTO public.vaccinations VALUES (22, 3, 'Erysipelas', NULL, NULL, NULL, NULL, NULL, NULL);
INSERT INTO public.vaccinations VALUES (23, 3, 'Infectious Laryngotracheitis (ILT) ', NULL, NULL, NULL, NULL, NULL, NULL);
INSERT INTO public.vaccinations VALUES (24, 3, 'Infectious Bursal Disease (IBD)', NULL, NULL, NULL, NULL, NULL, NULL);

INSERT INTO public.pet_vaccinations VALUES (1, 4, 16, '2022-05-10 00:00:00', 'Dr. Diah Iryani', NULL, NULL, '2024-10-20 21:32:21', '2024-10-20 21:32:21', NULL, NULL, NULL, NULL);
INSERT INTO public.pet_vaccinations VALUES (2, 4, 17, '2022-06-09 00:00:00', 'Dr. Diah Iryani', NULL, NULL, '2024-10-20 21:32:40', '2024-10-20 21:32:40', NULL, NULL, NULL, NULL);
INSERT INTO public.pet_vaccinations VALUES (3, 4, 18, '2023-05-20 00:00:00', 'Dr. Bambang Yudhi', NULL, NULL, '2024-10-20 21:34:31', '2024-10-20 21:34:31', NULL, NULL, NULL, NULL);
INSERT INTO public.pet_vaccinations VALUES (4, 4, 23, '2024-11-20 00:00:00', 'Dr. Diah Iryani', NULL, NULL, '2024-10-20 21:35:30', '2024-10-20 21:35:30', NULL, NULL, NULL, NULL);
INSERT INTO public.pet_vaccinations VALUES (5, 5, 5, '2023-01-11 00:00:00', 'Dr. Idris', NULL, NULL, '2024-10-20 21:41:37', '2024-10-20 21:41:37', NULL, NULL, NULL, NULL);
INSERT INTO public.pet_vaccinations VALUES (6, 5, 1, '2023-01-11 00:00:00', 'Dr. Idris', NULL, NULL, '2024-10-20 21:41:59', '2024-10-20 21:41:59', NULL, NULL, NULL, NULL);
INSERT INTO public.pet_vaccinations VALUES (7, 5, 7, '2023-01-11 00:00:00', 'Dr. idris', NULL, NULL, '2024-10-20 21:42:13', '2024-10-20 21:42:13', NULL, NULL, NULL, NULL);
INSERT INTO public.pet_vaccinations VALUES (8, 5, 2, '2023-01-11 00:00:00', 'Dr. Idris', NULL, NULL, '2024-10-20 21:42:29', '2024-10-20 21:42:29', NULL, NULL, NULL, NULL);
INSERT INTO public.pet_vaccinations VALUES (9, 5, 6, '2024-11-03 00:00:00', 'Dr.Idris', NULL, NULL, '2024-10-20 21:42:47', '2024-10-20 21:42:47', NULL, NULL, NULL, NULL);
INSERT INTO public.pet_vaccinations VALUES (10, 5, 4, '2024-11-03 00:00:00', 'Dr. Idris', NULL, NULL, '2024-10-20 21:43:07', '2024-10-20 21:43:07', NULL, NULL, NULL, NULL);
INSERT INTO public.pet_vaccinations VALUES (11, 6, 9, '2024-07-16 00:00:00', 'Dr. Sebastian', NULL, NULL, '2024-10-20 21:46:07', '2024-10-20 21:46:07', NULL, NULL, NULL, NULL);
INSERT INTO public.pet_vaccinations VALUES (12, 6, 11, '2024-07-16 00:00:00', 'Dr. Sebastian', NULL, NULL, '2024-10-20 21:46:25', '2024-10-20 21:46:25', NULL, NULL, NULL, NULL);
INSERT INTO public.pet_vaccinations VALUES (13, 6, 12, '2024-07-16 00:00:00', 'Dr. Sebastian', NULL, NULL, '2024-10-20 21:46:41', '2024-10-20 21:46:41', NULL, NULL, NULL, NULL);
INSERT INTO public.pet_vaccinations VALUES (14, 6, 8, '2024-12-01 00:00:00', 'Dr. Sebastian', NULL, NULL, '2024-10-20 21:47:55', '2024-10-20 21:47:55', NULL, NULL, NULL, NULL);
INSERT INTO public.pet_vaccinations VALUES (15, 7, 1, '2023-10-01 00:00:00', 'Dr. Tika', NULL, NULL, '2024-10-21 07:53:05', '2024-10-21 07:53:05', NULL, NULL, NULL, NULL);
INSERT INTO public.pet_vaccinations VALUES (16, 7, 2, '2023-10-01 00:00:00', 'Dr. Tika', NULL, NULL, '2024-10-21 07:53:23', '2024-10-21 07:53:23', NULL, NULL, NULL, NULL);
INSERT INTO public.pet_vaccinations VALUES (17, 7, 3, '2023-10-01 00:00:00', 'Dr. Tika', NULL, NULL, '2024-10-21 07:53:29', '2024-10-21 07:53:29', NULL, NULL, NULL, NULL);
INSERT INTO public.pet_vaccinations VALUES (18, 7, 4, '2023-10-01 00:00:00', 'Dr. Tika', NULL, NULL, '2024-10-21 07:53:41', '2024-10-21 07:53:41', NULL, NULL, NULL, NULL);
INSERT INTO public.pet_vaccinations VALUES (19, 7, 5, '2023-10-01 00:00:00', 'Dr. Tika', NULL, NULL, '2024-10-21 07:53:50', '2024-10-21 07:53:50', NULL, NULL, NULL, NULL);
INSERT INTO public.pet_vaccinations VALUES (20, 7, 6, '2024-11-07 00:00:00', 'Dr. Tika', NULL, NULL, '2024-10-21 07:54:11', '2024-10-21 07:54:11', NULL, NULL, NULL, NULL);
INSERT INTO public.pet_vaccinations VALUES (21, 7, 7, '2024-11-07 00:00:00', 'Dr. Tika', NULL, NULL, '2024-10-21 07:54:21', '2024-10-21 07:54:21', NULL, NULL, NULL, NULL);
INSERT INTO public.pet_vaccinations VALUES (22, 8, 1, '2024-11-07 00:00:00', 'Dr. Tika', NULL, NULL, '2024-10-21 07:59:39', '2024-10-21 07:59:39', NULL, NULL, NULL, NULL);
INSERT INTO public.pet_vaccinations VALUES (23, 8, 2, '2024-11-07 00:00:00', 'Dr. Tika', NULL, NULL, '2024-10-21 07:59:51', '2024-10-21 07:59:51', NULL, NULL, NULL, NULL);
INSERT INTO public.pet_vaccinations VALUES (24, 8, 3, '2024-11-07 00:00:00', 'Dr. Tika', NULL, NULL, '2024-10-21 07:59:58', '2024-10-21 07:59:58', NULL, NULL, NULL, NULL);
INSERT INTO public.pet_vaccinations VALUES (25, 8, 5, '2024-11-07 00:00:00', 'Dr. Tika', NULL, NULL, '2024-10-21 08:00:05', '2024-10-21 08:00:05', NULL, NULL, NULL, NULL);
INSERT INTO public.pet_vaccinations VALUES (26, 9, 1, '2024-08-01 00:00:00', 'Dr.Tristan', NULL, NULL, '2024-10-27 18:01:19', '2024-10-27 18:01:19', NULL, NULL, NULL, NULL);
INSERT INTO public.pet_vaccinations VALUES (27, 9, 2, '2024-01-08 00:00:00', 'Dr.Tristan', NULL, NULL, '2024-10-27 18:01:51', '2024-10-27 18:01:51', NULL, NULL, NULL, NULL);
INSERT INTO public.pet_vaccinations VALUES (28, 9, 3, '2024-01-08 00:00:00', 'Dr. Tristan', NULL, NULL, '2024-10-27 18:02:12', '2024-10-27 18:02:12', NULL, NULL, NULL, NULL);
INSERT INTO public.pet_vaccinations VALUES (29, 9, 5, '2024-01-08 00:00:00', 'Dr. Tristan', NULL, NULL, '2024-10-27 18:02:23', '2024-10-27 18:02:23', NULL, NULL, NULL, NULL);
INSERT INTO public.pet_vaccinations VALUES (30, 9, 6, '2024-12-10 00:00:00', 'Dr. Tristan', NULL, NULL, '2024-10-27 18:02:36', '2024-10-27 18:02:36', NULL, NULL, NULL, NULL);
INSERT INTO public.pet_vaccinations VALUES (31, 9, 7, '2024-12-10 00:00:00', 'Dr. Tristan', NULL, NULL, '2024-10-27 18:02:47', '2024-10-27 18:02:47', NULL, NULL, NULL, NULL);
INSERT INTO public.pet_vaccinations VALUES (32, 10, 6, '2024-09-01 00:00:00', 'Dr.Tristan', NULL, NULL, '2024-10-27 18:07:24', '2024-10-27 18:07:24', NULL, NULL, NULL, NULL);
INSERT INTO public.pet_vaccinations VALUES (33, 10, 5, '2024-09-01 00:00:00', 'Dr.Tristan', NULL, NULL, '2024-10-27 18:07:33', '2024-10-27 18:07:33', NULL, NULL, NULL, NULL);
INSERT INTO public.pet_vaccinations VALUES (34, 10, 3, '2024-09-01 00:00:00', 'Dr.Tristan', NULL, NULL, '2024-10-27 18:07:41', '2024-10-27 18:07:41', NULL, NULL, NULL, NULL);
INSERT INTO public.pet_vaccinations VALUES (35, 10, 7, '2024-09-01 00:00:00', 'Dr.Tristan', NULL, NULL, '2024-10-27 18:07:50', '2024-10-27 18:07:50', NULL, NULL, NULL, NULL);
INSERT INTO public.pet_vaccinations VALUES (36, 10, 4, '2024-09-01 00:00:00', 'Dr.Tristan', NULL, NULL, '2024-10-27 18:08:07', '2024-10-27 18:08:07', NULL, NULL, NULL, NULL);
INSERT INTO public.pet_vaccinations VALUES (37, 11, 2, '2024-09-03 00:00:00', 'Dr. Simarkus', NULL, NULL, '2024-10-27 18:11:23', '2024-10-27 18:11:23', NULL, NULL, NULL, NULL);
INSERT INTO public.pet_vaccinations VALUES (38, 11, 3, '2024-09-03 00:00:00', 'Dr. Simarkus', NULL, NULL, '2024-10-27 18:11:29', '2024-10-27 18:11:29', NULL, NULL, NULL, NULL);
INSERT INTO public.pet_vaccinations VALUES (39, 11, 6, '2024-09-03 00:00:00', 'Dr. Simarkus', NULL, NULL, '2024-10-27 18:11:36', '2024-10-27 18:11:36', NULL, NULL, NULL, NULL);
INSERT INTO public.pet_vaccinations VALUES (40, 11, 5, '2024-09-03 00:00:00', 'Dr. Simarkus', NULL, NULL, '2024-10-27 18:11:44', '2024-10-27 18:11:44', NULL, NULL, NULL, NULL);
INSERT INTO public.pet_vaccinations VALUES (41, 12, 1, '2024-08-01 00:00:00', 'Dr.Tirta', NULL, NULL, '2024-10-27 18:24:40', '2024-10-27 18:24:40', NULL, NULL, NULL, NULL);
INSERT INTO public.pet_vaccinations VALUES (42, 12, 2, '2024-08-01 00:00:00', 'Dr.Tirta', NULL, NULL, '2024-10-27 18:24:47', '2024-10-27 18:24:47', NULL, NULL, NULL, NULL);
INSERT INTO public.pet_vaccinations VALUES (43, 12, 5, '2024-08-01 00:00:00', 'Dr.Tirta', NULL, NULL, '2024-10-27 18:24:59', '2024-10-27 18:24:59', NULL, NULL, NULL, NULL);
INSERT INTO public.pet_vaccinations VALUES (44, 12, 5, '2024-08-01 00:00:00', 'Dr.Tirta', NULL, NULL, '2024-10-27 18:25:08', '2024-10-27 18:25:08', NULL, NULL, NULL, NULL);
INSERT INTO public.pet_vaccinations VALUES (45, 13, 16, '2024-01-30 00:00:00', 'Dr. Arya', NULL, NULL, '2024-10-27 19:23:30', '2024-10-27 19:23:30', NULL, NULL, NULL, NULL);
INSERT INTO public.pet_vaccinations VALUES (46, 14, 4, '2024-10-28 00:00:00', 'Dr. Geni', NULL, NULL, '2024-10-27 19:50:38', '2024-10-27 19:50:38', NULL, NULL, NULL, NULL);
INSERT INTO public.pet_vaccinations VALUES (47, 14, 3, '2024-10-28 00:00:00', 'Dr. Geni', NULL, NULL, '2024-10-27 19:50:50', '2024-10-27 19:50:50', NULL, NULL, NULL, NULL);
INSERT INTO public.pet_vaccinations VALUES (48, 15, 10, '2024-12-04 00:00:00', 'Dr.Bimo', NULL, NULL, '2024-10-27 19:52:49', '2024-10-27 19:52:49', NULL, NULL, NULL, NULL);
INSERT INTO public.pet_vaccinations VALUES (49, 15, 12, '2024-12-04 00:00:00', 'Dr. Bimo', NULL, NULL, '2024-10-27 19:52:59', '2024-10-27 19:52:59', NULL, NULL, NULL, NULL);

INSERT INTO public.pet_weights VALUES (1, 1, 2, 1, '2022-05-20 00:00:00', NULL, NULL, NULL, NULL, NULL);
INSERT INTO public.pet_weights VALUES (2, 1, 4, 1, '2022-06-20 00:00:00', NULL, NULL, NULL, NULL, NULL);
INSERT INTO public.pet_weights VALUES (3, 1, 6, 2, '2022-07-20 00:00:00', NULL, NULL, NULL, NULL, NULL);
INSERT INTO public.pet_weights VALUES (4, 1, 8, 2, '2022-08-20 00:00:00', NULL, NULL, NULL, NULL, NULL);
INSERT INTO public.pet_weights VALUES (5, 2, 8, 1, '2022-09-20 00:00:00', NULL, NULL, NULL, NULL, NULL);
INSERT INTO public.pet_weights VALUES (6, 2, 10, 2, '2022-10-20 00:00:00', NULL, NULL, NULL, NULL, NULL);
INSERT INTO public.pet_weights VALUES (7, 3, 11, 1, '2022-11-20 00:00:00', NULL, NULL, NULL, NULL, NULL);
INSERT INTO public.pet_weights VALUES (8, 3, 8, 2, '2022-12-20 00:00:00', NULL, NULL, NULL, NULL, NULL);
INSERT INTO public.pet_weights VALUES (9, 4, 0.3, 2, '2024-10-20 21:30:22', '2024-10-20 21:30:22', NULL, NULL, NULL, NULL);
INSERT INTO public.pet_weights VALUES (10, 5, 5, 2, '2024-10-20 21:37:28', '2024-10-20 21:37:28', NULL, NULL, NULL, NULL);
INSERT INTO public.pet_weights VALUES (11, 6, 2, 1, '2024-10-20 21:45:43', '2024-10-20 21:45:43', NULL, NULL, NULL, NULL);
INSERT INTO public.pet_weights VALUES (12, 6, 2.3, 0, '2024-10-20 21:49:44', '2024-10-20 21:49:44', NULL, NULL, NULL, NULL);
INSERT INTO public.pet_weights VALUES (13, 7, 3, 1, '2024-10-20 22:12:57', '2024-10-20 22:12:57', NULL, NULL, NULL, NULL);
INSERT INTO public.pet_weights VALUES (14, 7, 3.3, 0, '2024-10-21 07:55:22', '2024-10-21 07:55:22', NULL, NULL, NULL, NULL);
INSERT INTO public.pet_weights VALUES (15, 7, 3.35, 0, '2024-10-21 07:55:27', '2024-10-21 07:55:27', NULL, NULL, NULL, NULL);
INSERT INTO public.pet_weights VALUES (16, 8, 5, 2, '2024-10-21 07:58:42', '2024-10-21 07:58:42', NULL, NULL, NULL, NULL);
INSERT INTO public.pet_weights VALUES (17, 8, 5.1, 0, '2024-10-21 08:00:38', '2024-10-21 08:00:38', NULL, NULL, NULL, NULL);
INSERT INTO public.pet_weights VALUES (18, 8, 5.15, 0, '2024-10-21 08:00:44', '2024-10-21 08:00:44', NULL, NULL, NULL, NULL);
INSERT INTO public.pet_weights VALUES (19, 8, 4.8, 0, '2024-10-21 08:00:56', '2024-10-21 08:00:56', NULL, NULL, NULL, NULL);
INSERT INTO public.pet_weights VALUES (20, 9, 8, 6, '2024-10-27 17:59:33', '2024-10-27 17:59:33', NULL, NULL, NULL, NULL);
INSERT INTO public.pet_weights VALUES (21, 10, 9, 7, '2024-10-27 18:04:48', '2024-10-27 18:04:48', NULL, NULL, NULL, NULL);
INSERT INTO public.pet_weights VALUES (22, 11, 8, 6, '2024-10-27 18:10:14', '2024-10-27 18:10:14', NULL, NULL, NULL, NULL);
INSERT INTO public.pet_weights VALUES (23, 12, 8, 2, '2024-10-27 18:24:13', '2024-10-27 18:24:13', NULL, NULL, NULL, NULL);
INSERT INTO public.pet_weights VALUES (24, 13, 1, 0, '2024-10-27 19:23:06', '2024-10-27 19:23:06', NULL, NULL, NULL, NULL);
INSERT INTO public.pet_weights VALUES (25, 14, 8, 0, '2024-10-27 19:49:43', '2024-10-27 19:49:43', NULL, NULL, NULL, NULL);
INSERT INTO public.pet_weights VALUES (26, 15, 5, 4, '2024-10-27 19:52:12', '2024-10-27 19:52:12', NULL, NULL, NULL, NULL);

INSERT INTO public.ratings VALUES (1, 10, 1, 5, '2024-10-27 18:32:23', '2024-10-27 18:32:23', NULL, NULL, NULL, NULL);
INSERT INTO public.ratings VALUES (2, 11, 1, 4, '2024-10-27 18:34:43', '2024-10-27 18:34:43', NULL, NULL, NULL, NULL);

INSERT INTO public.veterinarian_pet_types VALUES (1, 1, 1, NULL, NULL, NULL, NULL, NULL, NULL);
INSERT INTO public.veterinarian_pet_types VALUES (2, 1, 2, NULL, NULL, NULL, NULL, NULL, NULL);
INSERT INTO public.veterinarian_pet_types VALUES (3, 1, 3, NULL, NULL, NULL, NULL, NULL, NULL);
INSERT INTO public.veterinarian_pet_types VALUES (4, 2, 1, NULL, NULL, NULL, NULL, NULL, NULL);
INSERT INTO public.veterinarian_pet_types VALUES (5, 2, 3, NULL, NULL, NULL, NULL, NULL, NULL);
INSERT INTO public.veterinarian_pet_types VALUES (6, 3, 2, NULL, NULL, NULL, NULL, NULL, NULL);
INSERT INTO public.veterinarian_pet_types VALUES (7, 3, 1, NULL, NULL, NULL, NULL, NULL, NULL);
INSERT INTO public.veterinarian_pet_types VALUES (8, 4, 3, NULL, NULL, NULL, NULL, NULL, NULL);
INSERT INTO public.veterinarian_pet_types VALUES (9, 4, 2, NULL, NULL, NULL, NULL, NULL, NULL);
INSERT INTO public.veterinarian_pet_types VALUES (10, 5, 1, NULL, NULL, NULL, NULL, NULL, NULL);
INSERT INTO public.veterinarian_pet_types VALUES (11, 5, 3, NULL, NULL, NULL, NULL, NULL, NULL);
INSERT INTO public.veterinarian_pet_types VALUES (12, 6, 2, NULL, NULL, NULL, NULL, NULL, NULL);
INSERT INTO public.veterinarian_pet_types VALUES (13, 6, 1, NULL, NULL, NULL, NULL, NULL, NULL);
INSERT INTO public.veterinarian_pet_types VALUES (14, 7, 3, NULL, NULL, NULL, NULL, NULL, NULL);
INSERT INTO public.veterinarian_pet_types VALUES (15, 7, 2, NULL, NULL, NULL, NULL, NULL, NULL);
INSERT INTO public.veterinarian_pet_types VALUES (16, 8, 1, NULL, NULL, NULL, NULL, NULL, NULL);
INSERT INTO public.veterinarian_pet_types VALUES (17, 8, 3, NULL, NULL, NULL, NULL, NULL, NULL);
INSERT INTO public.veterinarian_pet_types VALUES (18, 9, 2, NULL, NULL, NULL, NULL, NULL, NULL);
INSERT INTO public.veterinarian_pet_types VALUES (19, 10, 1, NULL, NULL, NULL, NULL, NULL, NULL);
INSERT INTO public.veterinarian_pet_types VALUES (20, 10, 3, NULL, NULL, NULL, NULL, NULL, NULL);
INSERT INTO public.veterinarian_pet_types VALUES (21, 11, 2, NULL, NULL, NULL, NULL, NULL, NULL);
INSERT INTO public.veterinarian_pet_types VALUES (22, 11, 1, NULL, NULL, NULL, NULL, NULL, NULL);
INSERT INTO public.veterinarian_pet_types VALUES (23, 12, 3, NULL, NULL, NULL, NULL, NULL, NULL);
INSERT INTO public.veterinarian_pet_types VALUES (24, 12, 2, NULL, NULL, NULL, NULL, NULL, NULL);
INSERT INTO public.veterinarian_pet_types VALUES (25, 13, 1, NULL, NULL, NULL, NULL, NULL, NULL);
INSERT INTO public.veterinarian_pet_types VALUES (26, 13, 3, NULL, NULL, NULL, NULL, NULL, NULL);
INSERT INTO public.veterinarian_pet_types VALUES (27, 14, 2, NULL, NULL, NULL, NULL, NULL, NULL);
INSERT INTO public.veterinarian_pet_types VALUES (28, 14, 1, NULL, NULL, NULL, NULL, NULL, NULL);
INSERT INTO public.veterinarian_pet_types VALUES (29, 15, 3, NULL, NULL, NULL, NULL, NULL, NULL);
INSERT INTO public.veterinarian_pet_types VALUES (30, 15, 2, NULL, NULL, NULL, NULL, NULL, NULL);
INSERT INTO public.veterinarian_pet_types VALUES (31, 16, 1, NULL, NULL, NULL, NULL, NULL, NULL);
INSERT INTO public.veterinarian_pet_types VALUES (32, 16, 2, NULL, NULL, NULL, NULL, NULL, NULL);
INSERT INTO public.veterinarian_pet_types VALUES (33, 16, 3, NULL, NULL, NULL, NULL, NULL, NULL);
